 Name,Team,GP,G,A,Pts,+/-,PIM,Hits,BkS,FW,FL,FO%,PPG,PPA,SHG,SHA,GW,SOG,Pct
 Evgeni Malkin,PIT,75,50,59,109,18,70,29,41,575,635,0.475,12,22,0,0,9,339,0.147
 Steven Stamkos,TAM,82,60,37,97,7,66,109,37,558,669,0.455,12,13,0,0,12,303,0.198
 Claude Giroux,PHI,77,28,65,93,6,29,70,44,828,715,0.537,6,32,0,2,5,242,0.116
 Jason Spezza,OTT,80,34,50,84,11,36,28,23,909,791,0.535,10,14,0,0,2,232,0.147
 Ilya Kovalchuk,NJD,77,37,46,83,-9,33,27,18,13,24,0.351,10,19,3,2,5,310,0.119
 Phil Kessel,TOR,82,37,45,82,-10,20,12,21,9,19,0.321,10,13,0,0,6,295,0.125
 James Neal,PIT,80,40,41,81,6,87,108,15,4,11,0.267,18,12,0,0,4,329,0.122
 Henrik Sedin,VAN,82,14,67,81,23,52,32,17,652,650,0.501,8,19,0,0,6,113,0.124
 John Tavares,NYI,82,31,50,81,-6,26,27,23,814,772,0.513,7,18,0,0,8,286,0.108
 Patrik Elias,NJD,81,26,52,78,-8,16,61,26,604,765,0.441,8,21,2,2,3,164,0.159
 Erik Karlsson,OTT,81,19,59,78,16,42,60,65,0,1,0,3,25,0,0,5,261,0.073
 Marian Hossa,CHI,81,29,48,77,18,20,73,40,3,6,0.333,9,11,2,1,4,248,0.117
 Ray Whitney,DAL,82,24,53,77,26,28,28,10,4,11,0.267,8,12,0,0,1,185,0.13
 Joe Thornton,SAN,82,18,59,77,17,31,42,26,557,436,0.561,4,19,0,1,2,156,0.115
 Marian Gaborik,COB,82,41,35,76,15,34,63,40,0,2,0,10,11,0,0,7,276,0.149
 Jordan Eberle,EDM,78,34,42,76,4,10,45,24,12,15,0.444,10,10,0,0,4,180,0.189
 Anze Kopitar,LOS,82,25,51,76,12,20,72,53,763,655,0.538,8,18,2,2,2,230,0.109
 Martin St. Louis,TAM,77,25,49,74,-3,16,17,39,18,23,0.439,4,12,0,0,3,185,0.135
 Jason Pominville,MIN,82,30,43,73,-7,12,30,52,179,196,0.477,8,18,2,1,5,235,0.128
 Loui Eriksson,BOS,82,26,45,71,18,12,20,40,7,9,0.438,5,7,2,1,3,187,0.139
 Eric Staal,CAR,82,24,46,70,-20,48,48,35,882,799,0.525,7,16,3,2,3,262,0.092
 Zach Parise,MIN,82,31,38,69,-5,32,65,39,30,33,0.476,7,7,3,4,3,293,0.106
 Patrick Sharp,CHI,74,33,36,69,28,38,80,18,139,152,0.478,7,10,1,0,8,282,0.117
 Matt Moulson,NYI,82,36,33,69,1,6,33,40,2,2,0.5,14,10,0,0,5,219,0.164
 Henrik Zetterberg,DET,82,22,47,69,14,47,45,26,548,567,0.491,3,11,0,2,4,267,0.082
 P.A. Parenteau,COL,80,18,49,67,-8,89,99,23,10,16,0.385,6,13,0,0,2,167,0.108
 Joffrey Lupul,TOR,66,25,42,67,1,48,110,25,21,37,0.362,8,13,0,0,3,191,0.131
 Jarome Iginla,BOS,82,32,35,67,-10,43,124,43,214,212,0.502,8,11,0,0,5,251,0.127
 Daniel Sedin,VAN,72,30,37,67,14,40,21,15,6,13,0.316,10,15,0,0,6,229,0.131
 Scott Hartnell,PHI,82,37,30,67,19,136,188,37,20,43,0.317,16,7,0,0,6,232,0.159
 Tyler Seguin,DAL,81,29,38,67,34,30,26,17,46,60,0.434,5,10,0,0,7,242,0.12
 Pavel Datsyuk,DET,70,19,48,67,21,14,76,31,702,547,0.562,4,19,0,0,5,164,0.116
 Valtteri Filppula,TAM,81,23,43,66,18,14,42,23,193,180,0.517,3,8,1,0,1,144,0.16
 Patrick Kane,CHI,82,23,43,66,7,40,19,27,240,329,0.422,4,8,0,0,5,253,0.091
 Brad Richards,NYR,82,25,41,66,-1,22,51,49,682,634,0.518,7,17,0,0,9,229,0.109
 Teemu Selanne,ANA,82,26,40,66,-1,50,23,20,145,155,0.483,12,16,0,0,4,210,0.124
 Max Pacioretty,MON,79,33,32,65,2,56,104,39,1,4,0.2,4,9,0,0,5,286,0.115
 Logan Couture,SAN,80,31,34,65,2,16,42,76,468,442,0.514,11,15,2,0,5,245,0.127
 Alex Ovechkin,WAS,78,38,27,65,-8,26,215,42,6,9,0.4,13,10,0,0,3,303,0.125
 Teddy Purcell,TAM,81,24,41,65,9,16,17,11,3,14,0.176,8,11,0,0,3,152,0.158
 Blake Wheeler,WPG,80,17,47,64,3,55,113,46,4,6,0.4,6,9,0,0,3,208,0.082
 Patrice Bergeron,BOS,81,22,42,64,36,20,73,67,973,668,0.593,5,9,2,1,3,191,0.115
 Patrick Marleau,SAN,82,30,34,64,10,26,84,33,243,224,0.52,10,15,0,0,8,251,0.12
 Jamie Benn,DAL,71,26,37,63,15,55,136,52,347,404,0.462,2,8,1,0,7,203,0.128
 Mike Ribeiro,PHO,74,18,45,63,5,66,113,46,341,467,0.422,2,13,0,0,5,142,0.127
 David Krejci,BOS,79,23,39,62,-5,36,69,46,544,501,0.521,2,9,0,0,2,145,0.159
 Michael Ryder,NJD,82,35,27,62,17,46,86,50,34,37,0.479,7,3,0,0,6,211,0.166
 Radim Vrbata,PHO,77,35,27,62,24,24,57,16,27,40,0.403,9,8,1,0,12,232,0.151
 Joe Pavelski,SAN,82,31,30,61,18,31,50,84,507,357,0.587,8,10,1,0,2,269,0.115
 Milan Lucic,BOS,81,26,35,61,7,135,201,26,14,16,0.467,7,4,0,0,1,149,0.175
 Tomas Fleischmann,FLA,82,27,34,61,-7,26,32,33,14,13,0.519,6,16,0,0,4,217,0.124
 Olli Jokinen,WPG,82,23,38,61,-12,54,53,31,620,713,0.465,9,15,0,0,5,223,0.103
 Chris Kunitz,PIT,82,26,35,61,16,49,180,28,20,18,0.526,6,12,0,0,3,230,0.113
 Thomas Vanek,BUF,78,26,35,61,-6,52,34,22,3,3,0.5,10,14,0,0,5,204,0.127
 Erik Cole,DAL,82,35,26,61,11,48,186,30,24,32,0.429,11,3,0,0,6,241,0.145
 Milan Michalek,OTT,77,35,25,60,4,32,36,46,1,5,0.167,10,5,1,1,3,212,0.165
 David Desharnais,MON,81,16,44,60,10,24,33,48,678,693,0.495,3,17,0,0,2,98,0.163
 Corey Perry,ANA,80,37,23,60,-7,127,69,45,19,29,0.396,14,9,1,1,6,277,0.134
 Pascal Dupuis,PIT,82,25,34,59,18,34,111,44,51,64,0.443,0,1,3,0,8,214,0.117
 Daniel Alfredsson,DET,75,27,32,59,16,18,52,31,20,26,0.435,7,7,3,1,4,191,0.141
 Rick Nash,NYR,82,30,29,59,-19,40,104,21,6,13,0.316,6,13,2,0,2,306,0.098
 Justin Williams,LOS,82,22,37,59,10,44,36,37,11,14,0.44,9,10,0,0,2,241,0.091
 Martin Erat,WAS,71,19,39,58,12,30,52,37,60,66,0.476,5,13,1,0,3,107,0.178
 Stephen Weiss,DET,80,20,37,57,5,60,92,61,781,688,0.532,5,12,1,0,6,149,0.134
 Bobby Ryan,OTT,82,31,26,57,1,53,113,24,20,49,0.29,3,8,2,0,3,204,0.152
 Jonathan Toews,CHI,59,29,28,57,17,28,32,14,675,462,0.594,5,7,1,2,4,185,0.157
 Evander Kane,WPG,74,30,27,57,11,53,173,31,15,29,0.341,6,3,0,0,4,287,0.105
 Ryan Getzlaf,ANA,82,11,46,57,-11,75,182,72,639,715,0.472,4,19,0,1,4,185,0.059
 Johan Franzen,DET,77,29,27,56,23,40,60,30,79,100,0.441,11,2,0,0,10,211,0.137
 Vinny Prospal,COB,82,16,39,55,-11,36,59,39,9,13,0.409,3,12,0,0,0,165,0.097
 Brad Marchand,BOS,76,28,27,55,31,87,72,21,5,4,0.556,5,1,1,2,3,167,0.168
 Ryan O'Reilly,COL,81,18,37,55,-1,12,62,50,762,681,0.528,4,11,0,0,3,189,0.095
 Kris Versteeg,FLA,71,23,31,54,4,49,52,19,21,44,0.323,8,10,1,0,5,181,0.127
 Jaromir Jagr,NJD,73,19,35,54,5,30,14,12,0,1,0,8,12,0,0,2,170,0.112
 T.J. Oshie,STL,80,19,35,54,15,50,130,45,24,29,0.453,3,13,1,1,3,188,0.101
 Alexander Semin,CAR,77,21,33,54,9,56,31,19,1,10,0.091,2,9,0,0,1,183,0.115
 Dustin Brown,LOS,82,22,32,54,18,53,293,32,17,22,0.436,9,7,1,2,6,214,0.103
 David Backes,STL,82,24,30,54,15,101,226,72,658,695,0.486,8,9,2,1,4,234,0.103
 Ryan Callahan,NYR,76,29,25,54,-8,61,271,88,10,10,0.5,13,4,1,2,9,235,0.123
 Taylor Hall,EDM,61,27,26,53,-3,36,44,34,23,34,0.404,13,8,0,0,7,207,0.13
 David Legwand,NAS,78,19,34,53,3,26,31,29,512,597,0.462,5,14,0,1,2,140,0.136
 Dustin Byfuglien,WPG,66,12,41,53,-8,72,112,57,0,0,N/A,4,15,0,1,3,223,0.054
 Dany Heatley,MIN,82,24,29,53,2,28,70,45,36,31,0.537,8,11,0,0,3,238,0.101
 Brian Campbell,FLA,82,4,49,53,-9,6,46,118,0,0,N/A,1,30,0,0,0,131,0.031
 Paul Stastny,COL,79,21,32,53,-8,34,40,49,789,635,0.554,7,12,0,0,2,190,0.111
 Zdeno Chara,BOS,79,12,40,52,33,86,166,87,0,1,0,8,10,0,1,0,224,0.054
 Gabriel Landeskog,COL,82,22,30,52,20,51,219,58,8,28,0.222,6,6,0,2,5,270,0.081
 Alexandre Burrows,VAN,80,28,24,52,24,90,87,38,7,13,0.35,3,4,2,0,7,198,0.141
 Ryan Nugent-Hopkins,EDM,62,18,34,52,-2,16,38,33,227,378,0.375,3,20,0,0,2,134,0.134
 Tomas Plekanec,MON,81,17,35,52,-15,56,67,57,824,854,0.491,5,13,3,3,2,220,0.077
 Derek Stepan,NYR,82,17,34,51,14,22,137,44,386,481,0.445,4,12,0,0,4,169,0.101
 Adam Henrique,NJD,74,16,35,51,8,7,83,57,501,525,0.488,0,8,4,3,3,130,0.123
 Alex Pietrangelo,STL,81,12,39,51,16,36,90,133,0,0,N/A,6,18,0,1,6,202,0.059
 Mike Fisher,NAS,72,24,27,51,11,33,116,76,588,629,0.483,5,9,0,1,7,157,0.153
 Mikhail Grabovski,WAS,74,23,28,51,0,51,56,32,466,439,0.515,5,5,0,0,2,163,0.141
 Jordan Staal,CAR,62,25,25,50,11,34,101,23,591,567,0.51,5,2,3,2,0,149,0.168
 Jiri Hudler,CGY,81,25,25,50,10,42,48,15,2,5,0.286,2,8,0,0,2,127,0.197
 Drew Stafford,BUF,80,20,30,50,5,46,102,22,45,41,0.523,3,4,1,0,4,226,0.089
 Andrew Ladd,WPG,82,28,22,50,-8,64,76,25,32,27,0.542,4,8,0,0,6,265,0.106
 Shane Doan,PHO,79,22,28,50,-8,48,205,27,33,26,0.559,5,9,0,1,5,226,0.097
 Alexander Edler,VAN,82,11,38,49,0,34,143,145,0,3,0,5,17,1,0,0,228,0.048
 Jakub Voracek,PHI,78,18,31,49,11,32,44,18,7,16,0.304,0,11,0,0,2,190,0.095
 Danny Briere,MON,70,16,33,49,5,69,48,16,406,425,0.489,4,13,0,0,3,174,0.092
 Ryan Kesler,VAN,77,22,27,49,11,56,108,59,724,627,0.536,8,11,1,1,1,222,0.099
 Alex Tanguay,COL,64,13,36,49,7,28,22,47,25,42,0.373,1,14,1,1,3,84,0.155
 Wayne Simmonds,PHI,82,28,21,49,-1,114,140,34,7,10,0.412,11,5,0,0,4,197,0.142
 Shea Weber,NAS,78,19,30,49,21,46,177,140,0,0,N/A,10,12,2,0,1,230,0.083
 Vincent Lecavalier,PHI,64,22,27,49,-2,50,103,31,556,606,0.478,5,6,0,0,5,182,0.121
 Curtis Glencross,CGY,67,26,22,48,-13,62,81,49,41,41,0.5,8,5,1,1,3,110,0.236
 Ryan Malone,TAM,68,20,28,48,-11,82,142,36,29,50,0.367,5,10,1,0,2,144,0.139
 Dan Boyle,SAN,81,9,39,48,10,57,58,137,0,0,N/A,3,14,0,0,2,252,0.036
 Steve Sullivan,NJD,79,17,31,48,-3,20,38,16,4,5,0.444,5,16,0,0,1,140,0.121
 Kyle Wellwood,WPG,77,18,29,47,3,4,10,13,135,115,0.54,4,6,0,0,1,93,0.194
 Matt Read,PHI,79,24,23,47,13,12,82,58,142,204,0.41,4,7,2,1,6,155,0.155
 Mark Streit,PHI,82,7,40,47,-27,46,110,115,0,1,0,3,20,0,0,1,149,0.047
 Frans Nielsen,NYI,82,17,30,47,-3,6,29,66,523,633,0.452,5,10,0,0,1,133,0.128
 Sam Gagner,EDM,75,18,29,47,5,36,21,23,334,367,0.476,6,6,0,0,0,149,0.121
 Nick Foligno,COB,82,15,32,47,2,124,196,30,62,87,0.416,1,3,0,0,3,153,0.098
 Tyler Bozak,TOR,73,18,29,47,-7,22,117,34,631,567,0.527,4,8,0,1,1,109,0.165
 Bryan Little,WPG,74,24,22,46,-11,26,44,13,733,746,0.496,6,7,0,1,6,162,0.148
 David Clarkson,TOR,80,30,16,46,-8,138,169,19,102,141,0.42,8,8,0,0,7,228,0.132
 Dennis Wideman,CGY,82,11,35,46,-8,46,113,132,0,0,N/A,4,16,0,0,3,175,0.063
 Marcus Johansson,WAS,80,14,32,46,-5,8,61,28,307,403,0.432,1,7,0,0,3,90,0.156
 Ryan Suter,MIN,79,7,39,46,15,30,46,116,0,1,0,3,22,1,1,1,134,0.052
 Ryan Smyth,EDM,82,19,27,46,-5,82,53,31,66,84,0.44,4,4,0,0,4,194,0.098
 Jussi Jokinen,PIT,79,12,34,46,-2,54,41,48,459,374,0.551,3,15,2,0,3,118,0.102
 Ryane Clowe,NJD,76,17,28,45,-5,97,109,36,6,14,0.3,4,11,0,0,2,180,0.094
 Kyle Okposo,NYI,79,24,21,45,-15,46,51,33,68,74,0.479,3,3,0,0,2,152,0.158
 Mikko Koivu,MIN,55,12,32,44,10,28,62,21,587,536,0.523,2,13,1,3,2,129,0.093
 Jeff Skinner,CAR,64,20,24,44,-8,56,44,15,67,92,0.421,4,9,0,0,5,210,0.095
 Kyle Brodziak,MIN,82,22,22,44,-15,66,81,62,707,722,0.495,5,6,0,0,0,160,0.138
 Kevin Bieksa,VAN,78,8,36,44,12,94,159,106,0,1,0,2,8,0,0,2,166,0.048
 Dainius Zubrus,NJD,82,17,27,44,7,34,102,41,191,250,0.433,4,2,3,2,2,109,0.156
 Derek Roy,STL,80,17,27,44,-7,54,35,50,672,657,0.506,6,6,1,0,2,176,0.097
 Nicklas Backstrom,WAS,42,14,30,44,-4,24,31,25,353,338,0.511,3,16,0,0,4,95,0.147
 Dion Phaneuf,TOR,82,12,32,44,-10,92,214,127,0,0,N/A,7,15,0,1,1,202,0.059
 Mike Richards,LOS,74,18,26,44,3,71,115,39,539,528,0.505,3,11,4,0,1,171,0.105
 Petr Sykora,NJD,82,21,23,44,4,40,19,16,10,8,0.556,4,2,0,0,6,170,0.124
 Chris Higgins,VAN,71,18,25,43,11,16,61,29,12,18,0.4,1,7,1,0,4,165,0.109
 Clarke MacArthur,OTT,73,20,23,43,3,37,60,21,5,6,0.455,3,6,0,0,4,148,0.135
 Kimmo Timonen,PHI,76,4,39,43,8,46,68,129,1,0,1,4,17,0,0,0,130,0.031
 Sergei Kostitsyn,NAS,75,17,26,43,8,34,44,27,0,6,0,1,8,1,0,3,97,0.175
 Kevin Shattenkirk,STL,81,9,34,43,20,60,72,103,1,3,0.25,5,13,0,1,2,178,0.051
 Viktor Stalberg,NAS,79,22,21,43,6,34,91,24,5,6,0.455,0,0,0,0,6,215,0.102
 Patric Hornqvist,NAS,76,27,16,43,9,28,62,28,6,3,0.667,8,2,0,0,3,230,0.117
 Keith Yandle,PHO,82,11,32,43,5,51,31,77,0,0,N/A,0,11,0,0,2,196,0.056
 Rich Peverley,DAL,57,11,31,42,20,22,23,13,203,129,0.611,1,10,0,2,1,112,0.098
 David Perron,EDM,57,21,21,42,19,28,32,13,2,8,0.2,5,5,1,1,4,114,0.184
 Kris Letang,PIT,51,10,32,42,21,34,83,86,0,0,N/A,4,11,1,1,3,142,0.07
 Cody Hodgson,BUF,83,19,22,41,1,10,37,29,329,381,0.463,7,7,0,0,3,154,0.123
 Brooks Laich,WAS,82,16,25,41,-8,34,120,92,664,730,0.476,5,4,1,0,5,191,0.084
 Michael Del Zotto,NYR,77,10,31,41,20,36,156,95,0,0,N/A,1,13,1,2,2,113,0.089
 Michael Cammalleri,CGY,66,20,21,41,-10,26,17,19,104,124,0.456,3,9,0,0,4,175,0.114
 Derick Brassard,NYR,74,14,27,41,-20,42,137,16,278,339,0.451,5,10,0,0,3,125,0.112
 Steve Downie,COL,75,14,27,41,-6,137,105,25,40,47,0.46,2,4,0,0,2,140,0.1
 R.J. Umberger,COB,77,20,20,40,-10,27,102,70,150,156,0.49,5,5,0,1,3,200,0.1
 Duncan Keith,CHI,74,4,36,40,15,42,45,121,0,0,N/A,1,12,0,2,1,162,0.025
 Steve Ott,BUF,74,11,28,39,5,156,278,27,561,450,0.555,4,4,0,2,2,108,0.102
 Jason Chimera,WAS,82,20,19,39,4,78,132,27,30,32,0.484,1,0,2,0,5,205,0.098
 Chris Kelly,BOS,82,20,19,39,33,41,79,56,419,390,0.518,1,0,2,0,6,122,0.164
 Jannik Hansen,VAN,82,16,23,39,18,34,118,24,12,17,0.414,0,0,1,2,1,137,0.117
 Jack Johnson,COB,82,12,26,38,-7,39,107,129,0,0,N/A,5,12,0,0,5,176,0.068
 Matt Cooke,MIN,82,19,19,38,5,44,160,41,18,15,0.545,1,5,2,2,4,147,0.129
 Todd Bertuzzi,DET,71,14,24,38,23,64,96,23,5,8,0.385,0,4,0,0,1,118,0.119
 Matt Carle,TAM,82,4,34,38,4,36,55,164,0,0,N/A,3,9,0,0,0,132,0.03
 Carl Hagelin,NYR,64,14,24,38,21,24,78,23,1,5,0.167,0,0,2,0,2,131,0.107
 Saku Koivu,ANA,74,11,27,38,7,50,56,24,646,587,0.524,0,6,0,0,1,107,0.103
 Patrik Berglund,STL,82,19,19,38,4,30,97,36,567,601,0.485,0,4,2,0,3,188,0.101
 Dave Bolland,TOR,76,19,18,37,0,47,58,38,582,621,0.484,7,5,3,0,2,126,0.151
 Milan Hejduk,COL,81,14,23,37,-12,14,35,29,2,6,0.25,6,8,0,0,1,170,0.082
 Dan Hamhuis,VAN,82,4,33,37,29,46,103,99,0,0,N/A,1,10,0,2,0,140,0.029
 Sergei Gonchar,DAL,74,5,32,37,-4,55,48,115,0,0,N/A,2,12,0,1,1,131,0.038
 Lauri Korpikoski,PHO,82,17,20,37,3,14,91,43,23,64,0.264,0,2,3,0,3,146,0.116
 Sidney Crosby,PIT,22,8,29,37,15,14,11,7,227,226,0.501,2,9,0,0,3,75,0.107
 Colin Greening,OTT,82,17,20,37,-4,46,189,48,26,36,0.419,4,4,0,0,0,184,0.092
 Jamie McGinn,COL,78,20,17,37,-3,37,159,37,6,1,0.857,6,2,0,0,2,159,0.126
 Antoine Vermette,PHO,82,11,26,37,-13,28,124,48,645,495,0.566,4,5,1,1,4,149,0.074
 David Jones,CGY,72,20,17,37,-8,32,85,24,16,18,0.471,3,3,1,0,5,136,0.147
 Brent Burns,SAN,81,11,26,37,8,34,68,117,0,0,N/A,5,11,0,0,2,201,0.055
 Nick Leddy,CHI,82,3,34,37,-12,10,67,78,0,0,N/A,0,11,0,0,0,94,0.032
 Andrei Kostitsyn,NAS,72,16,20,36,-1,26,112,9,3,14,0.176,5,1,0,0,5,122,0.131
 Devin Setoguchi,WPG,69,19,17,36,-17,28,73,23,3,8,0.273,7,6,0,0,2,174,0.109
 Jiri Tlusty,CAR,79,17,19,36,1,26,83,57,3,8,0.273,2,4,0,1,1,136,0.125
 P.K. Subban,MON,81,7,29,36,9,119,105,113,0,0,N/A,5,9,0,1,0,205,0.034
 Niklas Kronwall,DET,82,15,21,36,-2,38,133,177,0,0,N/A,7,7,0,1,4,141,0.106
 Craig Smith,NAS,72,14,22,36,-9,30,44,17,173,220,0.44,6,7,0,0,1,172,0.081
 Tim Connolly,TOR,70,13,23,36,-14,40,29,76,383,403,0.487,2,3,0,0,3,104,0.125
 Ales Hemsky,EDM,69,10,26,36,-13,43,22,21,2,4,0.333,1,8,0,0,1,137,0.073
 Artem Anisimov,COB,79,16,20,36,12,34,75,46,161,184,0.467,4,0,1,0,1,132,0.121
 Drew Doughty,LOS,77,10,26,36,-2,69,124,70,0,0,N/A,3,10,0,0,3,168,0.06
 Nik Antropov,WPG,69,15,20,35,0,42,94,41,283,369,0.434,4,6,0,0,0,95,0.158
 Colin Wilson,NAS,68,15,20,35,5,21,43,21,39,38,0.506,5,7,0,0,5,114,0.132
 Matt Cullen,NAS,73,14,21,35,-10,24,46,39,627,551,0.532,4,5,0,0,0,164,0.085
 Shawn Horcoff,DAL,81,13,21,34,-23,24,62,47,728,747,0.494,5,8,0,0,0,123,0.106
 Brent Seabrook,CHI,78,9,25,34,21,22,198,165,0,0,N/A,2,2,0,1,3,156,0.058
 Nicklas Lidstrom,DET,70,11,23,34,21,28,41,79,0,0,N/A,4,13,0,0,0,148,0.074
 Jeff Carter,LOS,55,21,13,34,-12,16,16,17,393,381,0.508,10,3,0,0,2,184,0.114
 Max Talbot,PHI,81,19,15,34,5,59,150,58,284,356,0.444,1,1,2,1,2,115,0.165
 Tyler Ennis,BUF,48,15,19,34,11,14,26,18,145,171,0.459,2,2,0,0,1,82,0.183
 Jason Arnott,STL,72,17,17,34,13,26,24,13,387,382,0.503,6,8,0,0,3,142,0.12
 Brandon Dubinsky,COB,77,10,24,34,16,110,207,36,205,190,0.519,0,2,1,2,1,140,0.071
 Tuomo Ruutu,CAR,72,18,16,34,-3,50,151,24,44,80,0.355,3,2,0,0,2,156,0.115
 Martin Hanzal,PHO,64,8,26,34,12,63,239,32,571,526,0.521,3,8,0,0,2,145,0.055
 Tobias Enstrom,WPG,62,6,27,33,6,38,24,84,0,0,N/A,2,9,0,0,1,94,0.064
 Jason Garrison,VAN,77,16,17,33,6,32,127,124,1,1,0.5,9,3,0,1,3,168,0.095
 Tyler Kennedy,SAN,60,11,22,33,10,29,70,10,42,47,0.472,0,3,0,0,1,195,0.056
 Ryan Jones,EDM,79,17,16,33,-7,42,119,61,3,12,0.2,3,3,2,1,2,137,0.124
 Troy Brouwer,WAS,82,18,15,33,-15,61,247,60,38,45,0.458,3,2,0,1,5,133,0.135
 Alexei Ponikarovsky,NJD,82,14,19,33,-3,34,143,36,4,8,0.333,4,3,0,0,2,156,0.09
 Daniel Cleary,DET,75,12,21,33,2,30,90,33,21,30,0.412,2,1,0,0,0,199,0.06
 Ian White,WPG,77,7,25,32,23,22,49,92,0,0,N/A,0,10,0,0,0,196,0.036
 Chad LaRose,CAR,67,19,13,32,-15,48,131,15,18,25,0.419,3,4,1,0,5,199,0.095
 Ryan McDonagh,NYR,82,7,25,32,25,44,118,182,1,1,0.5,0,2,0,0,1,123,0.057
 Brandon Sutter,PIT,82,17,15,32,-3,21,53,85,654,641,0.505,2,1,3,0,0,171,0.099
 Christian Ehrhoff,BUF,66,5,27,32,-2,47,47,82,0,0,N/A,1,10,0,2,3,136,0.037
 Nathan Horton,COB,46,17,15,32,0,54,32,11,2,1,0.667,6,2,0,0,3,90,0.189
 Oliver Ekman-Larsson,PHO,82,13,19,32,0,32,140,92,0,0,N/A,2,6,1,0,2,147,0.088
 Filip Kuba,FLA,73,6,26,32,26,26,53,149,0,0,N/A,3,8,0,2,2,78,0.077
 John Carlson,WAS,82,9,23,32,-15,22,83,153,0,1,0,4,3,0,1,0,152,0.059
 Tomas Kopecky,FLA,80,10,22,32,-8,32,45,35,140,126,0.526,2,6,0,0,2,143,0.07
 Josh Bailey,NYI,80,13,19,32,-10,32,64,35,323,413,0.439,1,3,3,0,1,104,0.125
 Michael Grabner,NYI,78,20,12,32,-18,12,16,30,3,2,0.6,1,1,1,0,3,174,0.115
 Benoit Pouliot,NYR,74,16,16,32,18,38,97,14,8,10,0.444,1,1,0,0,5,107,0.15
 Nikita Nikitin,COB,61,7,25,32,-10,18,47,114,0,0,N/A,3,6,0,1,3,103,0.068
 Mikael Samuelsson,DET,54,14,17,31,1,20,79,11,12,21,0.364,7,6,0,0,1,138,0.101
 Tomas Kaberle,MON,72,3,28,31,-18,12,21,80,0,0,N/A,1,15,0,0,0,87,0.034
 Mathieu Perreault,WAS,64,16,14,30,9,24,49,29,229,222,0.508,2,0,0,0,4,60,0.267
 Chris Stewart,STL,79,15,15,30,1,109,112,21,3,10,0.231,2,2,0,0,1,166,0.09
 David Booth,VAN,62,16,14,30,-5,34,81,13,9,9,0.5,3,5,0,0,1,159,0.101
 Jake Gardiner,TOR,75,7,23,30,-2,18,52,90,0,0,N/A,1,6,0,0,0,79,0.089
 Jordin Tootoo,DET,77,6,24,30,-5,92,151,17,4,8,0.333,1,1,0,0,1,136,0.044
 Alex Goligoski,DAL,71,9,21,30,0,16,49,93,0,0,N/A,2,7,0,1,1,140,0.064
 Daymond Langkow,PHO,73,11,19,30,-4,14,87,50,440,551,0.444,1,2,0,1,1,112,0.098
 Zach Bogosian,WPG,65,5,25,30,-3,71,117,109,0,0,N/A,1,6,0,0,0,150,0.033
 Dan Girardi,NYR,82,5,24,29,13,20,211,185,0,0,N/A,1,9,0,1,2,122,0.041
 Cam Fowler,ANA,82,5,24,29,-28,18,43,94,1,0,1,2,9,0,0,0,123,0.041
 Kyle Turris,OTT,55,12,17,29,10,31,23,14,338,385,0.468,1,4,0,0,2,142,0.085
 Jay Bouwmeester,STL,82,5,24,29,-21,26,69,118,0,0,N/A,2,8,0,0,1,107,0.047
 Chris Neil,OTT,72,13,15,28,-10,178,271,20,0,2,0,2,4,0,0,0,127,0.102
 Matt Duchene,COL,58,14,14,28,-11,8,43,41,200,191,0.512,5,4,0,0,2,132,0.106
 Nikolai Kulemin,TOR,70,7,21,28,2,6,97,43,32,46,0.41,1,4,0,1,1,107,0.065
 Alexander Steen,STL,43,15,13,28,24,28,24,29,53,42,0.558,3,2,0,0,3,134,0.112
 Alex Burmistrov,WPG,76,13,15,28,4,42,118,15,248,316,0.44,1,2,1,0,0,123,0.106
 Dmitry Kulikov,FLA,58,4,24,28,-5,36,104,74,0,0,N/A,2,8,0,0,1,104,0.038
 Lars Eller,MON,79,16,12,28,-5,66,72,55,319,366,0.466,2,1,2,1,2,129,0.124
 Lee Stempniak,CGY,61,14,14,28,-2,16,55,22,7,19,0.269,2,3,0,0,2,130,0.108
 Matt Halischuk,WPG,73,15,13,28,9,27,41,33,11,19,0.367,0,0,0,0,2,96,0.156
 Cal Clutterbuck,NYI,74,15,12,27,-4,103,288,31,5,10,0.333,3,4,4,0,2,161,0.093
 Paul Martin,PIT,73,2,25,27,9,18,24,117,0,0,N/A,0,4,0,1,0,93,0.022
 Jamie McBain,BUF,76,8,19,27,-7,4,15,106,0,0,N/A,5,6,0,0,1,127,0.063
 James Wisniewski,COB,48,6,21,27,-13,37,50,74,0,1,0,2,10,0,0,2,99,0.061
 Tim Stapleton,WPG,63,11,16,27,-2,10,27,23,97,119,0.449,4,7,0,0,3,74,0.149
 Marcel Goc,FLA,57,11,16,27,5,10,38,23,505,473,0.516,3,1,0,0,1,97,0.113
 Martin Havlat,SAN,39,7,20,27,10,22,6,14,0,7,0,4,4,0,1,1,96,0.073
 Andrew Brunette,CHI,78,12,15,27,-13,4,21,15,7,7,0.5,4,3,0,0,0,75,0.16
 Mark Giordano,CGY,61,9,18,27,0,75,84,127,0,0,N/A,5,5,0,1,0,125,0.072
 Sean Couturier,PHI,77,13,14,27,18,14,82,33,378,426,0.47,0,1,2,0,4,116,0.112
 Lubomir Visnovsky,NYI,68,6,21,27,7,47,63,78,1,0,1,1,9,0,0,1,112,0.054
 John-Michael Liles,TOR,66,7,20,27,-14,20,68,111,0,0,N/A,4,9,0,0,0,106,0.066
 Darren Helm,DET,68,9,17,26,5,12,97,27,403,374,0.519,0,0,0,0,2,124,0.073
 Kyle Quincey,DET,72,7,19,26,-1,89,101,94,0,1,0,4,6,0,2,1,168,0.042
 Erik Johnson,COL,73,4,22,26,-7,26,123,94,0,0,N/A,1,11,0,0,1,155,0.026
 Brian Boyle,NYR,82,11,15,26,2,59,236,83,629,586,0.518,0,1,0,1,2,165,0.067
 Marcus Kruger,CHI,71,9,17,26,11,22,26,36,284,335,0.459,0,3,0,0,1,89,0.101
 Raffi Torres,SAN,79,15,11,26,2,83,128,21,7,8,0.467,1,0,0,0,1,99,0.152
 Andrew Cogliano,ANA,82,13,13,26,-4,15,88,43,162,224,0.42,2,1,0,0,2,115,0.113
 Nick Johnson,BOS,77,8,18,26,-6,45,59,21,3,10,0.231,0,1,0,0,1,146,0.055
 Brenden Morrow,PIT,57,11,15,26,1,97,130,33,11,16,0.407,5,2,0,0,2,88,0.125
 Fedor Tyutin,COB,66,5,21,26,-21,49,100,91,0,0,N/A,1,11,0,1,0,124,0.04
 Joey Crabb,FLA,67,11,15,26,1,33,101,34,1,9,0.1,0,0,2,0,4,75,0.147
 Zack Smith,OTT,81,14,12,26,4,98,168,43,484,506,0.489,1,0,2,1,3,134,0.104
 Dominic Moore,NYR,79,4,21,25,-18,54,52,23,419,343,0.55,0,3,1,0,1,103,0.039
 Joe Corvo,OTT,75,4,21,25,10,13,27,56,0,0,N/A,1,8,0,0,1,168,0.024
 Trevor Daley,DAL,79,4,21,25,3,42,45,115,0,0,N/A,1,5,0,0,2,134,0.03
 Jeff Petry,EDM,73,2,23,25,-7,26,126,126,0,0,N/A,1,5,0,0,0,111,0.018
 Drew Miller,DET,80,14,11,25,6,20,79,66,5,20,0.2,0,0,0,0,4,131,0.107
 Nathan Gerbe,CAR,62,6,19,25,2,32,53,13,7,12,0.368,0,1,0,1,2,137,0.044
 Mark Letestu,COB,62,11,14,25,-9,8,60,19,375,347,0.519,4,4,0,0,0,114,0.096
 Erik Condra,OTT,81,8,17,25,11,30,16,69,11,16,0.407,0,0,2,2,1,140,0.057
 Ville Leino,BUF,71,8,17,25,-2,16,41,28,95,135,0.413,1,0,0,0,1,78,0.103
 Andrej Meszaros,PHI,62,7,18,25,6,38,144,88,0,0,N/A,2,1,0,0,2,114,0.061
 Sami Salo,TAM,69,9,16,25,7,10,29,77,0,0,N/A,7,7,0,0,3,136,0.066
 Bryan Bickell,CHI,71,9,15,24,-3,48,128,23,0,1,0,0,0,0,0,0,84,0.107
 Andrew Ference,EDM,72,6,18,24,9,46,68,81,1,0,1,0,2,0,1,1,107,0.056
 James van Riemsdyk,TOR,43,11,13,24,-1,24,37,18,2,3,0.4,2,3,0,0,1,121,0.091
 Travis Hamonic,NYI,73,2,22,24,6,73,170,157,0,0,N/A,1,5,0,0,0,124,0.016
 Jamie Langenbrunner,STL,70,6,18,24,7,32,70,19,10,17,0.37,0,0,0,0,3,127,0.047
 Michal Handzus,CHI,67,7,17,24,-6,18,52,59,413,402,0.507,2,3,0,0,0,81,0.086
 Shawn Matthias,FLA,79,10,14,24,-2,49,60,38,295,302,0.494,1,1,0,0,1,133,0.075
 Mikkel Boedker,PHO,82,11,13,24,-2,12,108,21,1,1,0.5,0,1,0,0,2,86,0.128
 Tomas Holmstrom,DET,74,11,13,24,-9,40,56,6,1,0,1,10,5,0,0,3,97,0.113
 Tim Brent,CAR,79,12,12,24,-8,27,64,33,278,293,0.487,3,4,1,0,3,71,0.169
 Brian Rolston,BOS,70,7,17,24,-5,14,86,21,37,40,0.481,1,3,0,0,2,151,0.046
 Willie Mitchell,LOS,76,5,19,24,20,44,74,139,0,1,0,0,5,0,3,2,104,0.048
 Jordan Leopold,STL,79,10,14,24,4,28,54,128,0,0,N/A,1,4,0,0,0,110,0.091
 Rene Bourque,MON,76,18,6,24,-19,68,86,25,12,8,0.6,3,3,1,0,1,158,0.114
 Braydon Coburn,PHI,81,4,20,24,10,56,164,119,0,1,0,0,0,0,2,0,113,0.035
 Luca Sbisa,ANA,80,5,19,24,-5,66,186,99,0,0,N/A,0,3,0,0,0,88,0.057
 Marc-Andre Bergeron,CAR,43,4,20,24,6,20,37,43,0,0,N/A,1,8,0,0,0,80,0.05
 Marc-Edouard Vlasic,SAN,82,4,19,23,11,40,45,171,0,0,N/A,0,1,0,1,1,119,0.034
 Boyd Gordon,EDM,75,8,15,23,9,10,48,86,669,508,0.568,0,0,1,2,2,114,0.07
 Dennis Seidenberg,BOS,80,5,18,23,15,39,154,151,0,0,N/A,0,8,0,2,2,174,0.029
 Jay Harrison,CAR,72,9,14,23,-10,60,117,153,0,0,N/A,2,3,0,0,2,128,0.07
 Sean Bergenheim,FLA,62,17,6,23,-5,48,109,21,3,8,0.273,5,0,1,0,2,185,0.092
 Victor Hedman,TAM,61,5,18,23,-9,65,96,127,0,0,N/A,0,4,0,1,0,82,0.061
 Jared Spurgeon,MIN,70,3,20,23,-4,6,36,95,0,0,N/A,2,10,0,0,1,92,0.033
 Andrew Shaw,CHI,37,12,11,23,-1,50,82,21,41,47,0.466,0,4,0,0,2,74,0.162
 Tyler Myers,BUF,55,8,15,23,5,33,78,70,0,0,N/A,3,4,0,0,1,84,0.095
 Brad Boyes,FLA,65,8,15,23,2,6,29,24,126,141,0.472,2,6,0,0,0,100,0.08
 Daniel Winnik,ANA,84,8,15,23,-11,52,95,50,33,33,0.5,0,0,1,1,1,184,0.043
 Niklas Hagman,ANA,71,9,14,23,-7,14,49,29,8,12,0.4,2,0,0,0,2,125,0.072
 Luke Schenn,PHI,79,2,20,22,-6,62,270,115,0,0,N/A,0,1,0,1,0,81,0.025
 Stephane Robidas,DAL,75,5,17,22,-5,48,191,110,0,0,N/A,2,7,0,0,1,75,0.067
 Francois Beauchemin,ANA,82,8,14,22,-14,48,154,194,1,1,0.5,3,2,0,1,1,139,0.058
 Marek Zidlicky,NJD,63,2,20,22,-6,34,62,58,0,0,N/A,2,6,0,0,1,70,0.029
 Justin Abdelkader,DET,81,8,14,22,4,62,148,42,239,213,0.529,0,0,0,0,1,121,0.066
 Justin Faulk,CAR,66,8,14,22,-16,29,113,85,0,0,N/A,5,7,0,0,2,101,0.079
 Andy McDonald,STL,25,10,12,22,4,2,3,5,66,50,0.569,3,3,0,0,2,64,0.156
 Tom Gilbert,FLA,67,3,19,22,-8,20,65,115,0,0,N/A,2,4,0,0,1,72,0.042
 Nick Spaling,NAS,77,10,12,22,-7,18,43,38,448,446,0.501,0,0,0,1,3,107,0.093
 Pierre-Marc Bouchard,NYI,37,9,13,22,-1,18,3,9,4,12,0.25,2,5,0,0,3,84,0.107
 Sheldon Souray,ANA,64,6,15,21,11,73,55,90,0,0,N/A,2,4,1,0,1,179,0.034
 Ryan Wilson,COL,59,1,20,21,11,33,97,70,0,1,0,0,4,0,0,0,63,0.016
 Vernon Fiddler,DAL,82,8,13,21,-13,60,82,67,534,515,0.509,0,0,0,1,1,123,0.065
 Ryan Johansen,COB,67,9,12,21,-2,24,68,24,97,118,0.451,3,1,0,0,3,99,0.091
 Kevin Klein,NAS,66,4,17,21,-8,4,84,151,0,0,N/A,0,1,0,1,2,91,0.044
 Jim Slater,WPG,78,13,8,21,-9,42,163,73,634,531,0.544,0,0,1,0,1,118,0.11
 Eric Brewer,TAM,82,1,20,21,-5,49,197,176,0,0,N/A,0,3,0,1,0,83,0.012
 Eric Nystrom,NAS,74,16,5,21,-10,24,176,38,14,15,0.483,0,0,0,0,1,102,0.157
 Matt Niskanen,PIT,75,4,17,21,9,47,105,69,0,0,N/A,3,5,0,0,0,118,0.034
 Paul Gaustad,NAS,70,7,14,21,-1,76,114,47,659,491,0.573,0,0,0,1,3,75,0.093
 Radek Dvorak,CAR,73,4,17,21,-16,12,51,56,10,15,0.4,0,0,1,0,0,83,0.048
 Jarret Stoll,LOS,78,6,15,21,2,60,165,46,662,542,0.55,1,7,0,0,0,133,0.045
 Corey Potter,EDM,62,4,17,21,-16,24,90,79,0,0,N/A,1,10,0,0,0,98,0.041
 Brad Stuart,SAN,81,6,15,21,16,29,177,115,0,0,N/A,1,0,1,0,2,96,0.063
 Cody Franson,TOR,57,5,16,21,-1,22,102,53,0,0,N/A,2,5,0,0,0,65,0.077
 Derek Dorsett,NYR,77,12,8,20,-11,235,199,40,14,14,0.5,2,1,1,0,1,137,0.088
 Mason Raymond,TOR,55,10,10,20,4,18,32,13,7,18,0.28,1,0,1,0,2,125,0.08
 Vladimir Sobotka,STL,73,5,15,20,12,42,152,29,281,220,0.561,0,1,1,0,1,117,0.043
 Ruslan Fedotenko,PHI,73,9,11,20,-7,16,86,57,16,18,0.471,1,1,0,0,1,94,0.096
 Slava Voynov,LOS,54,8,12,20,12,12,74,47,0,0,N/A,3,3,0,0,2,86,0.093
 Ryan Whitney,STL,51,3,17,20,-16,16,18,85,0,0,N/A,2,8,0,0,0,41,0.073
 Luke Adam,BUF,52,10,10,20,-6,14,26,15,114,145,0.44,0,3,0,0,0,89,0.112
 Shane O'Brien,CGY,76,3,17,20,2,105,138,86,0,0,N/A,1,1,0,1,0,114,0.026
 Matt Gilroy,FLA,67,3,17,20,2,18,59,75,0,0,N/A,0,0,0,0,0,80,0.038
 Anthony Stewart,SAN,77,9,11,20,-2,30,92,15,3,14,0.176,0,2,0,0,1,64,0.141
 Maxim Lapierre,STL,82,9,10,19,-3,130,244,24,251,231,0.521,0,0,0,0,0,103,0.087
 Carl Gunnarsson,TOR,76,4,15,19,-9,20,114,152,0,1,0,0,6,0,0,0,89,0.045
 Gabriel Bourque,NAS,43,7,12,19,-2,6,66,19,0,1,0,0,0,0,0,1,59,0.119
 Adam Burish,SAN,65,6,13,19,6,76,69,36,217,172,0.558,0,2,0,0,1,82,0.073
 Andrew MacDonald,NYI,75,5,14,19,-5,26,48,185,0,0,N/A,1,1,0,0,0,71,0.07
 Taylor Pyatt,NYR,73,9,10,19,-4,23,137,20,6,5,0.545,0,1,0,0,1,111,0.081
 Tom Pyatt,TAM,74,12,7,19,-19,8,40,52,128,153,0.456,1,0,0,0,1,95,0.126
 Jan Hejda,COL,81,5,14,19,-17,24,142,134,1,0,1,0,0,0,0,1,78,0.064
 Torrey Mitchell,MIN,76,9,10,19,-6,29,94,33,36,47,0.434,0,0,0,0,0,100,0.09
 Dmitry Orlov,WAS,60,3,16,19,1,18,99,54,0,1,0,0,2,0,0,1,51,0.059
 Carlo Colaiacovo,DET,64,2,17,19,7,22,73,81,0,0,N/A,0,8,0,0,2,68,0.029
 Chris Phillips,OTT,80,5,14,19,12,16,134,137,0,0,N/A,4,0,0,2,1,85,0.059
 Matthew Lombardi,ANA,62,8,10,18,-19,10,58,34,151,155,0.493,0,0,1,0,2,101,0.079
 Yannick Weber,VAN,60,4,14,18,-7,30,49,47,0,0,N/A,4,4,0,0,0,88,0.045
 Adam Larsson,NJD,65,2,16,18,-7,20,94,67,0,0,N/A,0,4,0,1,0,68,0.029
 Brooks Orpik,PIT,73,2,16,18,19,61,259,139,0,0,N/A,0,0,0,1,0,44,0.045
 Johnny Oduya,CHI,81,3,15,18,-6,33,64,140,0,0,N/A,0,0,0,0,1,82,0.037
 Anton Stralman,NYR,53,2,16,18,9,20,76,71,0,0,N/A,0,4,0,0,0,55,0.036
 Matt D'Agostini,PIT,55,9,9,18,12,27,48,18,8,21,0.276,3,0,0,0,3,101,0.089
 Nick Bonino,ANA,50,5,13,18,1,8,18,39,195,259,0.43,0,1,0,0,0,63,0.079
 Craig Adams,PIT,82,5,13,18,-6,34,162,45,132,160,0.452,0,0,0,3,0,76,0.066
 Matt Stajan,CGY,61,8,10,18,-3,29,49,33,331,308,0.518,0,2,0,0,1,77,0.104
 Joel Ward,WAS,73,6,12,18,12,20,75,41,29,23,0.558,0,0,0,0,0,79,0.076
 Mike Knuble,PHI,72,6,12,18,-15,32,86,45,14,13,0.519,0,4,0,0,0,91,0.066
 Brayden Schenn,PHI,54,12,6,18,-7,34,136,26,201,235,0.461,4,1,0,0,3,97,0.124
 Manny Malhotra,VAN,78,7,11,18,-11,14,44,45,536,380,0.585,0,0,0,0,2,60,0.117
 Tim Gleason,CAR,82,1,17,18,12,71,129,112,0,0,N/A,0,2,0,1,0,65,0.015
 Brandon Prust,MON,82,5,12,17,-1,156,144,51,3,2,0.6,0,0,2,0,2,68,0.074
 Karl Alzner,WAS,82,1,16,17,12,29,74,139,0,0,N/A,0,1,0,0,0,56,0.018
 Andrew Desjardins,SAN,76,4,13,17,4,47,93,49,192,170,0.53,0,0,0,1,3,80,0.05
 Joni Pitkanen,CAR,30,5,12,17,-15,16,27,43,0,0,N/A,2,6,0,0,2,62,0.081
 Mark Fayne,NJD,82,4,13,17,-4,26,84,88,0,0,N/A,0,2,0,1,1,94,0.043
 Grant Clitsome,WPG,63,4,13,17,-9,32,85,61,0,1,0,1,4,0,1,1,87,0.046
 Samuel Pahlsson,VAN,80,4,13,17,-2,34,123,37,540,486,0.526,0,0,1,1,1,93,0.043
 Jay McClement,TOR,80,10,7,17,-8,31,72,54,448,425,0.513,0,0,1,0,1,95,0.105
 Deryk Engelland,PIT,73,4,13,17,10,56,174,77,0,0,N/A,0,0,0,0,1,86,0.047
 Jared Cowen,OTT,82,5,12,17,-4,56,217,74,0,0,N/A,0,1,0,1,1,58,0.086
 Simon Gagne,PHI,34,7,10,17,-1,18,17,10,2,5,0.286,0,4,1,0,2,75,0.093
 Dustin Penner,ANA,65,7,10,17,-7,43,90,16,14,18,0.438,1,0,0,0,0,119,0.059
 Peter Mueller,FLA,32,7,9,16,-3,8,14,10,6,4,0.6,1,4,0,0,1,82,0.085
 Tanner Glass,PIT,78,5,11,16,-12,73,246,51,29,44,0.397,0,0,0,0,1,86,0.058
 Arron Asham,NYR,64,5,11,16,-5,76,95,8,6,5,0.545,0,0,0,0,0,49,0.102
 Gregory Campbell,BOS,78,8,8,16,-3,80,107,53,344,334,0.507,0,0,0,0,0,74,0.108
 Andy Greene,NJD,56,1,15,16,3,16,35,96,0,0,N/A,0,1,0,0,0,53,0.019
 Jeff Halpern,MON,69,4,12,16,-1,24,55,44,365,260,0.584,0,0,0,0,1,63,0.063
 Travis Moen,MON,48,9,7,16,-3,41,75,41,5,7,0.417,0,0,1,0,0,45,0.2
 Eric Belanger,EDM,78,4,12,16,-13,32,36,41,557,450,0.553,1,4,1,0,0,118,0.034
 Josh Gorges,MON,82,2,14,16,14,39,131,250,0,0,N/A,0,0,0,0,1,59,0.034
 Roman Josi,NAS,52,5,11,16,1,14,33,98,0,0,N/A,1,3,0,0,0,64,0.078
 Bobby Butler,FLA,56,6,10,16,8,12,34,13,3,0,1,0,0,0,0,4,86,0.07
 Kyle Chipchura,PHO,53,3,13,16,2,42,67,14,174,190,0.478,0,0,0,0,0,43,0.07
 Aaron Johnson,NYR,56,3,13,16,-12,26,99,72,0,0,N/A,1,1,0,0,0,63,0.048
 John Mitchell,COL,63,5,11,16,10,8,89,27,103,96,0.518,0,2,0,0,0,64,0.078
 Mike Weaver,FLA,82,0,16,16,-2,14,114,137,0,0,N/A,0,0,0,1,0,51,0
 Raphael Diaz,MON,59,3,13,16,-7,30,40,102,1,1,0.5,0,4,0,2,1,61,0.049
 Brian Lee,TAM,55,1,15,16,-8,35,127,62,0,0,N/A,0,0,0,0,0,32,0.031
 Brian Gionta,MON,31,8,7,15,-7,16,35,13,14,19,0.424,2,1,0,0,0,75,0.107
 Matt Greene,LOS,82,4,11,15,4,58,241,112,0,0,N/A,0,0,0,1,2,76,0.053
 Tom Wandell,DAL,72,6,9,15,-5,16,52,30,141,183,0.435,0,0,0,0,0,103,0.058
 Daniel Paille,BOS,69,9,6,15,-5,15,59,24,2,5,0.286,0,0,2,0,1,86,0.105
 Blake Comeau,COB,74,5,10,15,-11,30,144,22,29,62,0.319,0,0,0,0,0,137,0.037
 Michael Frolik,WPG,63,5,10,15,-10,22,56,32,16,32,0.333,0,0,0,1,0,117,0.043
 Niklas Hjalmarsson,CHI,69,1,14,15,9,14,42,142,0,0,N/A,0,0,0,1,0,65,0.015
 Marc-Andre Gragnani,CAR,58,2,13,15,6,26,19,41,1,0,1,1,6,0,0,0,47,0.043
 Ladislav Smid,EDM,78,5,10,15,4,44,186,184,0,0,N/A,0,0,0,1,0,47,0.106
 Matt Frattin,LOS,56,8,7,15,-4,25,81,12,2,6,0.25,0,1,0,0,2,92,0.087
 Johnny Boychuk,BOS,77,5,10,15,27,53,145,133,0,0,N/A,0,0,0,0,2,171,0.029
 Brett Connolly,TAM,68,4,11,15,-9,30,58,19,20,32,0.385,1,2,0,0,2,94,0.043
 Jaroslav Spacek,CAR,46,5,10,15,6,8,29,68,0,0,N/A,3,2,0,0,1,42,0.119
 T.J. Galiardi,CGY,69,9,6,15,-8,53,110,22,75,92,0.449,0,0,1,0,2,113,0.08
 Brett Clark,FLA,82,2,13,15,-26,20,118,199,0,0,N/A,0,2,0,0,0,61,0.033
 Nate Thompson,TAM,68,9,6,15,-23,21,107,56,293,299,0.495,0,0,0,0,1,85,0.106
 Chris Butler,CGY,68,2,13,15,-9,34,70,115,0,0,N/A,0,3,0,0,0,62,0.032
 Jordan Caron,BOS,48,7,8,15,0,14,64,15,1,1,0.5,0,0,0,0,0,57,0.123
 Pavel Kubina,PHI,69,3,12,15,-2,74,130,119,0,0,N/A,0,0,0,0,1,75,0.04
 Jamal Mayers,CHI,81,6,9,15,-4,91,102,25,313,245,0.561,0,1,0,0,1,70,0.086
 Matt Beleskey,ANA,70,4,11,15,-2,72,104,20,11,15,0.423,0,1,0,0,0,75,0.053
 Gilbert Brule,PHO,33,5,9,14,7,11,55,13,8,13,0.381,1,0,0,0,0,56,0.089
 Derek MacKenzie,COB,66,7,7,14,4,40,189,19,234,195,0.545,1,0,2,1,2,61,0.115
 Mark Stuart,WPG,80,3,11,14,-4,98,198,182,0,0,N/A,0,0,1,0,1,60,0.05
 Matt Martin,NYI,80,7,7,14,-17,121,374,41,10,13,0.435,0,0,0,2,1,130,0.054
 T.J. Brodie,CGY,54,2,12,14,3,14,43,38,0,0,N/A,1,5,0,0,2,44,0.045
 Cam Atkinson,COB,27,7,7,14,1,14,23,17,0,1,0,1,1,0,0,0,66,0.106
 Joe Vitale,PIT,68,4,10,14,-5,56,106,36,403,320,0.557,0,0,0,1,1,70,0.057
 Steve Montador,CHI,52,5,9,14,4,45,49,46,0,0,N/A,2,4,0,0,1,57,0.088
 Sheldon Brookbank,CHI,80,3,11,14,11,72,120,110,0,0,N/A,0,0,0,1,1,49,0.061
 Kurtis Foster,PHI,51,4,10,14,-13,35,46,35,0,0,N/A,2,9,0,0,0,85,0.047
 Chuck Kobasew,PIT,58,7,7,14,-10,51,62,20,7,15,0.318,0,1,1,0,2,65,0.108
 Dwight King,LOS,27,5,9,14,3,10,37,5,2,1,0.667,0,2,0,0,1,42,0.119
 Bryan Allen,ANA,82,1,13,14,-1,76,111,188,0,0,N/A,0,0,0,1,1,87,0.011
 Richard Park,PIT,54,7,7,14,-1,12,28,18,221,176,0.557,0,2,1,0,4,44,0.159
 Jason Demers,SAN,57,4,9,13,-8,22,60,58,0,0,N/A,2,3,0,0,1,73,0.055
 Roman Hamrlik,NYR,68,2,11,13,11,34,69,149,0,0,N/A,0,0,0,0,1,58,0.034
 Bruno Gervais,PHI,50,6,7,13,-4,8,42,63,0,0,N/A,1,1,0,0,0,57,0.105
 Ben Eager,EDM,63,8,5,13,-1,107,73,17,0,2,0,0,0,0,0,3,69,0.116
 Darroll Powe,NYR,82,6,7,13,-20,57,151,91,46,59,0.438,0,0,0,0,1,109,0.055
 Drayson Bowman,CAR,37,6,7,13,2,4,54,10,0,0,N/A,0,1,0,0,0,70,0.086
 Andrej Sekera,CAR,69,3,10,13,3,18,56,93,0,1,0,1,0,0,0,0,88,0.034
 Antti Miettinen,WPG,45,5,8,13,-5,0,38,11,9,12,0.429,1,3,0,0,0,58,0.086
 Ed Jovanovski,FLA,66,3,10,13,-11,31,71,73,0,0,N/A,1,3,0,0,0,58,0.052
 Barret Jackman,STL,81,1,12,13,20,57,106,153,0,0,N/A,0,0,0,0,0,82,0.012
 Toni Lydman,ANA,74,0,13,13,0,46,134,153,0,0,N/A,0,0,0,1,0,46,0
 Michal Rozsival,CHI,54,1,12,13,8,34,62,91,0,0,N/A,0,0,0,0,0,49,0.02
 Shawn Thornton,BOS,81,5,8,13,-7,154,91,12,16,22,0.421,0,0,1,0,0,114,0.044
 Jakub Kindl,DET,55,1,12,13,7,25,61,32,0,0,N/A,0,1,0,0,0,69,0.014
 Dave Steckel,MIN,76,8,5,13,-14,10,170,66,643,465,0.58,1,0,2,0,0,79,0.101
 Stefan Elliott,COL,39,4,9,13,2,8,3,31,0,0,N/A,0,2,0,0,1,84,0.048
 Zbynek Michalek,PHO,62,2,11,13,0,24,47,144,0,0,N/A,0,1,0,1,0,77,0.026
 Rostislav Klesla,PHO,65,3,10,13,13,54,112,150,1,1,0.5,0,0,0,0,0,87,0.034
 Devante Smith-Pelly,ANA,49,7,6,13,-7,16,104,9,6,15,0.286,1,1,1,0,1,66,0.106
 Marcus Foligno,BUF,14,6,7,13,6,9,44,11,0,3,0,2,1,0,0,1,23,0.261
 Hal Gill,PHI,76,1,12,13,-3,37,75,161,0,0,N/A,0,0,0,2,0,49,0.02
 Ryan Shannon,TAM,45,4,8,12,-11,10,22,15,22,18,0.55,1,2,0,0,0,46,0.087
 Jason Blake,ANA,45,7,5,12,-4,6,41,17,0,1,0,2,1,0,0,3,109,0.064
 Patrick Dwyer,CAR,73,5,7,12,0,23,129,62,15,14,0.517,0,1,2,0,0,120,0.042
 Erik Christensen,MIN,49,7,5,12,-13,8,26,4,159,143,0.526,3,1,0,0,1,44,0.159
 Kyle Clifford,LOS,81,5,7,12,-5,123,179,9,1,7,0.125,0,0,0,0,2,88,0.057
 Scott Hannan,SAN,78,2,10,12,-10,38,60,126,1,0,1,0,0,0,1,0,49,0.041
 Chris Pronger,PHI,13,1,11,12,1,10,15,27,0,0,N/A,1,7,0,0,0,23,0.043
 Tom Kostopoulos,PIT,81,4,8,12,-15,57,124,48,25,59,0.298,1,0,1,0,1,91,0.044
 Kris Russell,CGY,55,6,6,12,12,25,61,78,0,0,N/A,0,1,0,0,1,56,0.107
 Nate Prosser,MIN,51,1,11,12,-17,57,34,124,0,0,N/A,0,3,0,0,0,32,0.031
 Wojtek Wolski,WAS,31,4,8,12,-5,2,34,5,5,5,0.5,0,1,0,0,0,50,0.08
 Alec Martinez,LOS,51,6,6,12,-1,8,51,48,0,1,0,3,4,0,0,0,78,0.077
 Marco Scandella,MIN,63,3,9,12,-22,19,46,106,0,0,N/A,1,5,0,0,1,77,0.039
 Mathieu Darche,NJD,61,5,7,12,-4,18,79,45,6,13,0.316,0,0,2,2,0,77,0.065
 Cody McLeod,COL,75,6,5,11,0,164,123,13,2,1,0.667,0,0,0,0,0,62,0.097
 Derek Morris,PHO,59,2,9,11,-12,38,95,78,0,0,N/A,0,1,0,0,0,72,0.028
 Philip Larsen,EDM,55,3,8,11,11,16,89,73,0,0,N/A,1,0,0,0,0,69,0.043
 Ryan Ellis,NAS,32,3,8,11,5,4,30,37,0,0,N/A,2,2,0,0,2,34,0.088
 Justin Braun,SAN,66,2,9,11,-2,23,46,66,0,0,N/A,1,2,0,0,0,113,0.018
 Roman Horak,CGY,61,3,8,11,3,14,28,20,183,258,0.415,0,0,0,0,1,53,0.057
 Brendan Morrison,CHI,39,4,7,11,-5,12,8,21,195,199,0.495,0,2,0,0,0,43,0.093
 J.T. Wyman,COL,40,2,9,11,1,8,33,15,22,35,0.386,0,0,0,0,1,31,0.065
 Kaspars Daugavins,BOS,65,5,6,11,-2,12,58,33,23,37,0.383,0,1,0,1,1,77,0.065
 Mikael Backlund,CGY,41,4,7,11,-13,16,25,19,225,271,0.454,2,1,0,0,2,85,0.047
 Mike Santorelli,VAN,60,9,2,11,-10,18,49,17,176,213,0.452,2,1,0,0,1,117,0.077
 David Schlemko,PHO,46,1,10,11,7,10,52,88,0,0,N/A,0,0,0,0,0,58,0.017
 Derek Smith,CGY,47,2,9,11,-1,12,27,55,0,0,N/A,0,4,0,0,1,44,0.045
 Scott Gomez,FLA,38,2,9,11,-9,14,11,12,165,168,0.496,2,1,0,0,1,59,0.034
 Nicklas Grossmann,PHI,74,0,11,11,5,36,164,152,0,0,N/A,0,0,0,0,0,56,0
 Anton Volchenkov,NJD,72,2,9,11,3,34,177,125,0,0,N/A,0,0,0,1,1,63,0.032
 Roman Polak,STL,77,0,11,11,6,57,173,141,0,0,N/A,0,0,0,0,0,88,0
 Francis Bouillon,MON,66,4,7,11,-4,33,103,65,0,0,N/A,0,0,0,0,2,38,0.105
 Jonathan Ericsson,DET,69,1,10,11,16,47,128,43,0,0,N/A,0,0,0,0,0,63,0.016
 Keith Aucoin,STL,27,3,8,11,4,0,10,7,57,64,0.471,0,0,0,0,1,21,0.143
 Chris Campoli,MON,43,2,9,11,-3,8,43,59,0,0,N/A,0,3,0,0,0,43,0.047
 Milan Jurcina,NYI,65,3,8,11,-34,30,173,116,0,0,N/A,2,1,0,0,0,127,0.024
 Dan Carcillo,LOS,28,2,9,11,10,82,76,9,2,2,0.5,0,0,0,0,0,27,0.074
 Chris Thorburn,WPG,72,4,7,11,-6,83,151,46,39,28,0.582,0,0,0,0,0,69,0.058
 Patrick Kaleta,BUF,63,5,5,10,-5,116,139,46,10,9,0.526,0,0,0,0,1,69,0.072
 Ron Hainsey,CAR,56,0,10,10,9,23,33,133,0,0,N/A,0,1,0,0,0,57,0
 Cory Emmerton,DET,71,6,4,10,1,14,37,31,151,162,0.482,0,1,0,0,0,63,0.095
 Tomas Vincour,COL,47,4,6,10,-2,2,52,16,1,8,0.111,0,0,0,0,1,65,0.062
 Zack Kassian,VAN,44,4,6,10,-2,51,79,2,11,12,0.478,0,1,0,0,0,54,0.074
 Brad Winchester,CHI,67,6,4,10,-5,88,78,13,20,13,0.606,0,0,0,0,0,72,0.083
 Louis Leblanc,MON,42,5,5,10,3,28,68,18,28,36,0.438,0,0,0,0,0,58,0.086
 Jack Skille,COB,46,4,6,10,-9,28,99,16,8,8,0.5,0,0,1,0,1,76,0.053
 Adam McQuaid,BOS,72,2,8,10,16,99,104,101,0,0,N/A,0,0,0,0,0,63,0.032
 Aaron Rome,DAL,43,4,6,10,-4,46,64,62,0,0,N/A,1,1,0,0,1,42,0.095
 David Savard,COB,31,2,8,10,0,16,30,15,0,0,N/A,1,3,0,0,0,34,0.059
 Andy Sutton,EDM,52,3,7,10,5,80,112,95,0,0,N/A,0,0,0,0,1,41,0.073
 Anton Babchuk,CGY,32,2,8,10,2,6,17,48,0,0,N/A,1,2,0,0,1,48,0.042
 Guillaume Latendresse,PHO,16,5,4,9,6,20,37,3,2,2,0.5,1,0,0,0,1,36,0.139
 Matt Hendricks,NAS,78,4,5,9,-6,95,219,52,142,123,0.536,0,0,0,1,0,97,0.041
 Rob Scuderi,PIT,82,1,8,9,-7,16,61,116,0,0,N/A,0,0,0,0,0,63,0.016
 Tommy Wingels,SAN,33,3,6,9,-1,18,102,23,7,10,0.412,0,1,0,0,0,71,0.042
 Tim Wallace,CAR,49,3,6,9,-3,16,104,11,8,12,0.4,0,0,0,0,1,26,0.115
 Jimmy Hayes,CHI,31,5,4,9,-3,16,50,6,5,5,0.5,1,1,0,0,0,41,0.122
 Alexander Sulzer,BUF,27,3,6,9,8,8,17,38,0,0,N/A,0,1,0,0,0,33,0.091
 Stu Bickel,NYR,51,0,9,9,2,108,68,52,1,0,1,0,0,0,1,0,22,0
 Lennart Petrell,EDM,60,4,5,9,-10,45,122,47,7,15,0.318,0,0,1,1,0,36,0.111
 Justin Falk,NYR,47,1,8,9,-13,54,78,78,0,0,N/A,1,0,0,0,0,46,0.022
 Bryce Salvador,NJD,82,0,9,9,18,66,106,107,0,0,N/A,0,0,0,1,0,52,0
 David Moss,PHO,32,2,7,9,-3,12,43,24,93,127,0.423,0,0,0,0,0,82,0.024
 Jacob Josefson,NJD,41,2,7,9,10,6,16,13,181,173,0.511,0,0,0,0,0,37,0.054
 Zac Rinaldo,PHI,66,2,7,9,-1,232,175,19,6,3,0.667,0,0,0,0,0,54,0.037
 Spencer Machacek,COB,13,2,7,9,8,7,24,1,1,0,1,0,0,0,0,0,12,0.167
 Adrian Aucoin,COB,64,2,7,9,14,42,97,67,0,0,N/A,1,0,0,0,0,92,0.022
 Eric Wellwood,PHI,24,5,4,9,12,2,16,12,18,17,0.514,0,0,0,1,1,36,0.139
 Benn Ferriero,VAN,35,7,1,8,0,8,43,13,3,9,0.25,0,0,0,0,4,68,0.103
 Colin Fraser,LOS,67,2,6,8,-2,67,149,25,175,195,0.473,0,0,0,0,0,54,0.037
 Ryan Carter,NJD,72,4,4,8,-13,90,114,25,215,217,0.498,0,0,0,0,0,50,0.08
 Blair Jones,CGY,43,3,5,8,-1,18,49,29,128,174,0.424,0,1,0,0,1,58,0.052
 Erik Gudbranson,FLA,72,2,6,8,-19,78,154,73,0,0,N/A,0,1,0,0,0,76,0.026
 Greg Zanon,COL,56,3,5,8,3,18,116,136,0,0,N/A,0,0,0,0,2,41,0.073
 David Ullstrom,NYI,29,4,4,8,-2,6,32,8,6,4,0.6,1,0,0,0,1,40,0.1
 Scott Nichol,STL,80,3,5,8,-5,83,92,29,259,191,0.576,0,0,0,1,0,67,0.045
 Brayden McNabb,BUF,25,1,7,8,-1,15,49,30,0,0,N/A,1,0,0,0,0,23,0.043
 Colton Gillies,BUF,75,2,6,8,-9,35,161,46,7,10,0.412,0,0,0,0,0,48,0.042
 Matt Bradley,FLA,45,3,5,8,-3,31,134,11,12,16,0.429,0,0,0,0,0,35,0.086
 Dale Weise,VAN,68,4,4,8,-1,81,118,23,0,4,0,0,0,0,0,0,48,0.083
 Cody Eakin,DAL,30,4,4,8,2,4,15,7,21,19,0.525,0,0,0,0,0,31,0.129
 Matt Ellis,BUF,60,3,5,8,-3,25,34,17,117,127,0.48,0,0,0,0,1,85,0.035
 Jochen Hecht,BUF,22,4,4,8,1,6,14,9,136,164,0.453,0,0,1,0,0,40,0.1
 Jesse Winchester,FLA,32,2,6,8,2,22,51,9,126,109,0.536,0,0,1,0,0,52,0.038
 Brad Richardson,VAN,59,5,3,8,-6,30,65,15,33,23,0.589,0,0,1,0,0,98,0.051
 Corey Tropp,BUF,34,3,5,8,0,20,47,20,0,5,0,0,0,0,0,1,32,0.094
 Steve Staios,NYI,65,0,8,8,-19,53,55,140,1,0,1,0,0,0,0,0,67,0
 Andreas Nodl,CAR,60,3,5,8,-5,8,68,17,3,5,0.375,0,0,0,0,0,66,0.045
 Magnus Paajarvi,STL,41,2,6,8,-7,4,18,8,2,5,0.286,0,2,0,0,0,79,0.025
 Nick Schultz,EDM,82,1,6,7,-12,40,83,165,0,0,N/A,1,0,0,0,0,51,0.02
 Trent Hunter,LOS,38,2,5,7,-4,8,72,6,4,20,0.167,0,1,0,0,1,51,0.039
 Casey Wellman,WAS,14,2,5,7,-4,0,6,7,6,3,0.667,0,1,0,0,1,25,0.08
 Tim Jackman,CGY,75,1,6,7,-21,94,160,16,15,19,0.441,0,0,0,0,0,103,0.01
 Cal O'Reilly,PIT,33,2,5,7,-11,4,5,10,120,148,0.448,1,1,0,0,0,17,0.118
 Alexei Emelin,MON,67,3,4,7,-18,30,236,88,0,0,N/A,0,0,1,1,0,62,0.048
 Ryan O'Byrne,TOR,74,1,6,7,-5,57,180,141,0,0,N/A,0,0,0,0,0,42,0.024
 Brendan Smith,DET,14,1,6,7,3,13,17,8,0,0,N/A,0,1,0,0,0,13,0.077
 Andrei Loktionov,NJD,39,3,4,7,-4,2,7,6,64,85,0.43,1,0,0,0,0,60,0.05
 David Rundblad,PHO,30,1,6,7,-12,6,34,28,0,0,N/A,0,2,0,0,0,34,0.029
 Gustav Nyquist,DET,18,1,6,7,2,2,4,0,0,0,N/A,0,0,0,0,0,19,0.053
 Brandon Yip,PHO,35,3,4,7,1,28,51,10,2,5,0.286,0,0,0,0,0,41,0.073
 Jonathon Blum,MIN,33,3,4,7,-14,6,17,71,0,0,N/A,0,0,0,0,1,25,0.12
 John Moore,NYR,67,2,5,7,-23,8,47,70,0,0,N/A,0,0,0,1,0,64,0.031
 Nazem Kadri,TOR,21,5,2,7,2,8,25,5,4,11,0.267,1,0,0,0,1,28,0.179
 Keith Ballard,MIN,47,1,6,7,0,64,61,63,0,0,N/A,0,0,0,0,0,41,0.024
 Marc-Andre Bourdon,PHI,45,4,3,7,4,52,73,77,0,0,N/A,0,0,0,0,2,45,0.089
 Kevin Porter,BUF,35,4,3,7,-2,17,36,8,14,32,0.304,0,0,0,0,0,32,0.125
 Sean O'Donnell,CHI,51,0,7,7,-6,23,46,44,0,0,N/A,0,0,0,0,0,30,0
 Chris Porter,STL,47,4,3,7,-1,11,124,4,8,11,0.421,0,0,0,0,1,61,0.066
 Mark Flood,CAR,33,3,4,7,-1,10,10,43,0,0,N/A,1,1,0,0,1,30,0.1
 Kent Huskins,PHI,25,2,5,7,9,10,6,35,0,0,N/A,0,0,0,0,0,16,0.125
 Nick Palmieri,NYR,38,4,3,7,-10,14,39,7,2,9,0.182,0,0,0,0,0,55,0.073
 Kyle Palmieri,ANA,18,4,3,7,3,6,20,6,2,0,1,0,0,0,0,0,34,0.118
 Jake Dowell,MIN,52,2,5,7,-3,53,80,11,94,103,0.477,0,0,0,0,0,39,0.051
 Adam Hall,PHI,57,2,5,7,-11,17,89,30,276,188,0.595,0,0,0,0,1,63,0.032
 Marc Methot,OTT,46,1,6,7,-11,24,106,52,0,0,N/A,0,0,0,0,0,42,0.024
 Mike Green,WAS,32,3,4,7,5,12,27,44,0,0,N/A,3,1,0,0,1,64,0.047
 Dylan Reese,PIT,28,1,6,7,0,11,22,25,0,0,N/A,0,0,0,0,0,26,0.038
 Matt Taormina,TAM,30,1,6,7,6,4,18,36,0,0,N/A,0,1,0,0,0,33,0.03
 Trevor Lewis,LOS,72,3,4,7,-3,26,117,25,87,112,0.437,0,0,0,0,1,103,0.029
 Alexander Radulov,NAS,9,3,4,7,3,4,5,5,0,0,N/A,0,1,0,0,0,21,0.143
 Mark Olver,COL,24,4,3,7,0,15,43,9,33,58,0.363,0,0,0,0,1,25,0.16
 Petteri Nokelainen,MON,56,3,4,7,-6,37,46,10,165,144,0.534,0,0,0,0,1,37,0.081
 Cory Sarich,COL,62,1,6,7,1,66,144,60,0,0,N/A,0,0,0,0,0,36,0.028
 Marty Reasoner,NYI,61,1,5,6,-25,34,43,31,303,269,0.53,0,0,0,0,0,69,0.014
 Henrik Tallinder,BUF,39,0,6,6,-11,16,32,41,0,0,N/A,0,1,0,0,0,43,0
 Andrew Ebbett,PIT,18,5,1,6,2,6,15,9,15,13,0.536,1,0,0,0,2,27,0.185
 Dustin Jeffrey,PIT,26,4,2,6,-4,2,19,8,109,116,0.484,0,0,1,0,0,33,0.121
 Harry Zolnierczyk,PIT,37,3,3,6,-11,35,67,14,12,16,0.429,0,0,0,0,0,49,0.061
 David van der Gulik,COL,25,1,5,6,3,2,32,11,11,27,0.289,0,0,0,0,0,20,0.05
 Jeff Schultz,LOS,54,1,5,6,-2,12,49,58,0,0,N/A,0,0,0,0,0,22,0.045
 Ben Maxwell,WPG,15,1,5,6,4,2,11,6,26,33,0.441,0,0,0,0,0,10,0.1
 Jerred Smithson,EDM,69,1,5,6,-5,34,128,43,362,283,0.561,0,0,0,1,0,37,0.027
 Matt Hunwick,COL,33,3,3,6,-3,8,24,30,0,1,0,0,0,0,0,0,40,0.075
 Jim O'Brien,OTT,28,3,3,6,6,4,28,9,121,135,0.473,0,0,0,0,1,37,0.081
 Ian Cole,STL,26,1,5,6,7,22,16,27,0,0,N/A,0,0,0,0,0,18,0.056
 Mattias Tedenby,NJD,43,1,5,6,-15,16,25,1,1,2,0.333,0,0,0,0,0,46,0.022
 Jack Hillen,WAS,55,2,4,6,6,20,42,65,0,0,N/A,0,0,0,0,0,51,0.039
 Anton Lander,EDM,56,2,4,6,-8,12,32,12,149,195,0.433,0,0,1,0,0,54,0.037
 Steve Bernier,NJD,32,1,5,6,6,16,61,13,3,12,0.2,0,0,0,0,0,23,0.043
 Andreas Lilja,PHI,46,0,6,6,9,34,61,72,0,0,N/A,0,0,0,0,0,35,0
 Travis Zajac,NJD,15,2,4,6,-3,4,11,3,118,86,0.578,1,0,0,0,1,25,0.08
 Jeff Woywitka,STL,27,1,5,6,2,8,18,22,0,0,N/A,0,0,0,0,0,13,0.077
 Scottie Upshall,FLA,26,2,3,5,-3,29,44,2,3,3,0.5,1,0,0,0,1,53,0.038
 Trevor Smith,TOR,16,2,3,5,2,4,19,7,34,49,0.41,0,0,0,1,0,17,0.118
 Robyn Regehr,LOS,76,1,4,5,-12,56,172,112,0,0,N/A,0,0,0,0,0,49,0.02
 Steve Eminger,NYR,42,2,3,5,0,28,63,53,0,0,N/A,0,1,0,1,0,19,0.105
 Marco Sturm,FLA,48,3,2,5,-13,25,49,14,9,4,0.692,0,0,0,0,1,65,0.046
 Aaron Palushaj,CAR,38,1,4,5,1,8,28,11,0,4,0,0,0,0,0,0,37,0.027
 Warren Peters,PIT,58,1,4,5,-15,54,70,34,255,210,0.548,0,0,0,0,0,54,0.019
 Mike Rupp,MIN,60,4,1,5,-1,97,103,13,19,15,0.559,0,0,0,0,2,31,0.129
 Toby Petersen,DAL,39,2,3,5,-7,6,34,14,3,4,0.429,0,1,0,0,0,44,0.045
 Marc Staal,NYR,46,2,3,5,-7,16,55,68,0,0,N/A,1,1,0,1,0,61,0.033
 Joakim Lindstrom,COL,16,2,3,5,-9,0,1,6,2,3,0.4,1,0,0,0,0,22,0.091
 Andrew Gordon,WPG,37,2,3,5,-10,6,49,17,0,5,0,0,0,0,0,0,38,0.053
 Darryl Boyce,COB,37,1,4,5,-8,35,46,14,84,79,0.515,0,0,0,0,1,25,0.04
 Ben Lovejoy,ANA,34,1,4,5,3,13,30,37,0,0,N/A,0,0,0,0,0,48,0.021
 Paul Byron,CGY,22,3,2,5,3,2,26,2,8,14,0.364,0,0,0,0,1,13,0.231
 Clayton Stoner,MIN,51,1,4,5,3,62,72,80,0,0,N/A,0,0,0,0,0,47,0.021
 Krys Barch,NJD,51,2,3,5,0,114,67,10,2,5,0.286,0,0,0,0,0,24,0.083
 Keaton Ellerby,LOS,40,0,5,5,-3,10,80,75,0,0,N/A,0,0,0,0,0,45,0
 Jerome Samson,WPG,16,2,3,5,-3,8,10,5,0,0,N/A,1,1,0,0,0,31,0.065
 Zenon Konopka,MIN,55,3,2,5,-4,193,54,18,232,162,0.589,1,0,0,0,1,34,0.088
 Steven Kampfer,MIN,23,2,3,5,-1,6,19,31,0,0,N/A,0,0,0,0,0,20,0.1
 Erik Gustafsson,PHI,30,1,4,5,12,2,9,35,0,0,N/A,0,0,0,1,0,18,0.056
 Dana Tyrell,TAM,26,0,5,5,-5,6,20,15,0,3,0,0,0,0,0,0,23,0
 Michal Repik,FLA,17,2,3,5,-3,6,24,1,3,2,0.6,1,2,0,0,0,35,0.057
 Stephane Da Costa,OTT,22,3,2,5,-9,8,14,13,65,112,0.367,0,0,0,0,0,31,0.097
 Joe Colborne,TOR,10,1,4,5,2,4,20,8,28,50,0.359,0,0,0,0,0,7,0.143
 Jay Beagle,WAS,41,4,1,5,-2,23,66,23,124,91,0.577,0,0,0,0,0,49,0.082
 Mike Weber,BUF,51,1,4,5,-19,64,123,90,0,0,N/A,0,0,0,0,0,51,0.02
 Mike Komisarek,CAR,45,1,4,5,-13,41,104,80,0,0,N/A,0,0,0,0,0,34,0.029
 Blake Geoffrion,MON,35,2,3,5,0,27,40,13,68,77,0.469,0,0,0,0,0,29,0.069
 Teemu Hartikainen,EDM,17,2,3,5,1,6,36,11,4,8,0.333,0,0,0,0,1,24,0.083
 Alexandre Picard,PIT,17,0,4,4,4,4,12,14,0,0,N/A,0,0,0,0,0,10,0
 George Parros,MON,46,1,3,4,1,85,57,16,0,0,N/A,0,0,0,0,0,17,0.059
 Evgeny Grachev,STL,26,1,3,4,-4,2,23,10,1,4,0.2,0,0,0,0,1,14,0.071
 Patrick O'Sullivan,PHO,23,2,2,4,-4,2,7,4,5,4,0.556,0,1,0,0,0,34,0.059
 Brandon McMillan,PHO,25,0,4,4,-10,20,21,13,23,44,0.343,0,0,0,0,0,26,0
 Colin White,STL,54,1,3,4,-5,21,65,94,0,0,N/A,0,0,0,0,0,33,0.03
 Jordan Nolan,LOS,26,2,2,4,2,28,59,4,1,0,1,0,0,0,0,1,19,0.105
 Mike Brown,EDM,50,2,2,4,-8,74,120,24,0,1,0,0,0,0,1,0,56,0.036
 Jim Vandermeer,VAN,25,1,3,4,3,33,14,10,0,0,N/A,0,0,0,0,0,19,0.053
 Douglas Murray,MON,60,0,4,4,3,31,126,143,0,0,N/A,0,0,0,0,0,71,0
 Mike Blunden,MON,39,2,2,4,-1,27,104,15,2,3,0.4,0,0,0,0,0,34,0.059
 Brett Lebda,COB,30,1,3,4,-1,14,21,21,0,0,N/A,0,0,0,0,0,36,0.028
 Ryan Reaves,STL,60,3,1,4,0,124,171,7,1,1,0.5,0,0,0,0,1,32,0.094
 Ethan Moreau,LOS,28,1,3,4,-3,20,53,6,2,3,0.4,0,0,0,0,1,29,0.034
 Peter Regin,NYI,10,2,2,4,3,2,6,3,29,30,0.492,0,0,0,0,0,15,0.133
 Byron Bitz,VAN,10,1,3,4,2,14,20,7,0,3,0,0,0,0,0,0,6,0.167
 Mark Eaton,PIT,62,1,3,4,-17,10,53,114,0,0,N/A,0,0,0,0,1,44,0.023
 Casey Cizikas,NYI,15,0,4,4,1,6,26,9,47,68,0.409,0,0,0,0,0,12,0
 Simon Despres,PIT,18,1,3,4,5,10,19,17,0,0,N/A,1,0,0,0,0,22,0.045
 Paul Szczechura,BUF,9,1,3,4,0,4,7,3,28,39,0.418,0,0,0,0,0,11,0.091
 Andrew Murray,STL,39,1,3,4,3,4,66,8,5,10,0.333,0,0,0,0,0,33,0.03
 Cody McCormick,BUF,50,1,3,4,-7,56,67,11,8,9,0.471,0,0,0,0,0,43,0.023
 Maxime Macenauer,WPG,29,1,3,4,-4,18,17,4,113,114,0.498,0,0,0,0,1,14,0.071
 Derek Joslin,VAN,44,2,2,4,-15,35,47,30,1,0,1,0,1,0,0,0,36,0.056
 Marc-Antoine Pouliot,PHO,13,0,4,4,-2,2,10,1,37,51,0.42,0,0,0,0,0,19,0
 Jay Pandolfo,BOS,62,1,2,3,-14,8,48,69,61,75,0.449,0,0,0,1,0,44,0.023
 Michael Stone,PHO,13,1,2,3,7,2,16,18,0,0,N/A,0,0,0,0,0,13,0.077
 Keith Aulie,TAM,36,0,3,3,-7,29,78,38,0,0,N/A,0,0,0,0,0,18,0
 Darcy Hordichuk,EDM,43,1,2,3,-3,64,67,2,0,1,0,0,0,0,0,0,27,0.037
 Zac Dalpe,CAR,16,1,2,3,-3,4,16,4,5,6,0.455,0,0,0,0,0,20,0.05
 Brett Bulmer,MIN,9,0,3,3,1,6,17,2,0,0,N/A,0,0,0,0,0,7,0
 Frederic St. Denis,COB,17,1,2,3,3,10,7,21,0,0,N/A,0,0,0,0,0,11,0.091
 Jaden Schwartz,STL,7,2,1,3,1,0,1,5,1,1,0.5,1,0,0,0,1,6,0.333
 Andrew Alberts,VAN,44,2,1,3,4,40,91,39,0,0,N/A,0,0,0,0,2,19,0.105
 Lance Bouma,CGY,27,1,2,3,-5,11,45,26,11,11,0.5,0,0,0,0,0,26,0.038
 Ryan Garbutt,DAL,20,2,1,3,-1,22,48,3,12,15,0.444,0,0,0,0,1,28,0.071
 Sven Baertschi,CGY,5,3,0,3,2,4,5,0,0,0,N/A,0,0,0,0,0,10,0.3
 Colby Armstrong,MON,29,1,2,3,-8,9,37,5,7,11,0.389,0,0,0,0,0,14,0.071
 Mats Zuccarello,NYR,10,2,1,3,0,6,8,3,0,0,N/A,1,1,0,0,1,10,0.2
 Sean Avery,NYR,15,3,0,3,2,21,10,1,0,3,0,0,0,0,0,1,15,0.2
 Evgenii Dadonov,CAR,15,2,1,3,-4,2,13,1,0,6,0,0,0,0,0,0,21,0.095
 B.J. Crombeen,TAM,40,1,2,3,-2,71,22,2,3,9,0.25,0,0,0,0,0,50,0.02
 Matt Calvert,COB,13,0,3,3,-5,16,8,1,0,0,N/A,0,0,0,0,0,4,0
 Eric Fehr,WAS,35,2,1,3,-6,12,22,13,0,0,N/A,0,0,0,0,1,54,0.037
 Matt Carkner,NYI,29,1,2,3,0,33,58,26,0,0,N/A,0,0,0,0,0,17,0.059
 Linus Omark,EDM,14,3,0,3,-5,8,7,6,2,5,0.286,0,0,0,0,0,24,0.125
 Carson McMillan,MIN,11,1,2,3,1,11,19,9,5,9,0.357,0,0,0,0,1,8,0.125
 Tyson Strachan,WAS,15,1,2,3,1,5,31,21,0,0,N/A,0,0,0,0,0,14,0.071
 Chris Conner,PIT,8,1,2,3,2,0,4,3,0,0,N/A,0,0,0,0,0,10,0.1
 John Madden,FLA,31,3,0,3,-4,4,23,12,155,158,0.495,0,0,0,0,1,33,0.091
 Chris Summers,PHO,21,0,3,3,-4,11,50,19,0,0,N/A,0,0,0,0,0,10,0
 Adam Pardy,WPG,36,0,3,3,-5,16,39,49,0,0,N/A,0,0,0,0,0,29,0
 Mike Sauer,NYR,19,1,2,3,9,21,21,31,0,0,N/A,0,0,0,0,0,14,0.071
 Brendan Mikkelson,PIT,41,1,2,3,-4,13,42,44,0,0,N/A,0,1,0,0,0,45,0.022
 Andrei Markov,MON,13,0,3,3,-4,4,7,7,0,0,N/A,0,2,0,0,0,17,0
 Brett Sutter,CAR,15,0,3,3,-1,11,23,1,14,7,0.667,0,0,0,0,0,11,0
 Theo Peckham,CHI,54,1,2,3,0,80,94,72,0,0,N/A,0,0,0,0,0,25,0.04
 Jan Mursak,DET,25,1,2,3,2,0,21,11,1,2,0.333,0,0,0,0,0,22,0.045
 Sami Lepisto,CHI,26,1,2,3,3,4,24,9,0,0,N/A,0,0,0,0,0,19,0.053
 Jared Boll,COB,54,2,1,3,-8,126,96,10,3,2,0.6,0,0,0,0,0,35,0.057
 Rod Pelley,NJD,52,2,1,3,-3,16,80,25,125,129,0.492,0,0,0,0,0,44,0.045
 Ryan White,MON,20,0,3,3,-7,61,61,17,29,30,0.492,0,0,0,1,0,12,0
 Akim Aliu,CGY,2,2,1,3,3,12,6,0,0,0,N/A,0,0,0,0,0,3,0.667
 Scott Parse,LOS,9,2,0,2,1,14,7,4,1,2,0.333,1,0,0,0,0,9,0.222
 Cam Barker,VAN,25,2,0,2,0,23,36,19,0,0,N/A,1,0,0,0,1,35,0.057
 Kevin Westgarth,CAR,25,1,1,2,-3,39,31,6,0,1,0,0,0,0,0,0,13,0.077
 Brian McGrattan,CGY,30,0,2,2,-1,61,29,3,0,0,N/A,0,0,0,0,0,10,0
 Jeff Taffe,WAS,5,0,2,2,2,0,7,2,1,5,0.167,0,0,0,0,0,7,0
 Mike Lundin,OTT,17,0,2,2,-1,4,3,35,0,0,N/A,0,0,0,0,0,9,0
 Mike Commodore,MON,30,0,2,2,7,38,53,32,0,0,N/A,0,0,0,0,0,23,0
 Eric Tangradi,WPG,24,0,2,2,-4,16,42,7,0,2,0,0,0,0,0,0,20,0
 Tim Kennedy,PHO,27,1,1,2,-11,4,48,11,64,77,0.454,0,0,0,0,1,22,0.045
 Brett MacLean,PHO,5,0,2,2,1,2,3,1,0,0,N/A,0,1,0,0,0,6,0
 Tim Erixon,COB,18,0,2,2,-2,8,15,15,0,0,N/A,0,0,0,0,0,9,0
 Davis Drewiske,MON,9,2,0,2,0,2,5,5,0,0,N/A,0,0,0,0,0,11,0.182
 Maksim Mayorov,COB,10,1,1,2,-3,2,11,3,0,0,N/A,0,0,0,0,0,9,0.111
 David McIntyre,DET,7,1,1,2,-1,2,8,3,2,5,0.286,0,0,0,0,0,6,0.167
 Niclas Bergfors,NAS,11,1,1,2,-2,2,0,5,0,0,N/A,0,0,0,0,1,11,0.091
 Zach Hamill,VAN,16,0,2,2,3,4,13,4,15,16,0.484,0,0,0,0,0,13,0
 John Erskine,WAS,28,0,2,2,3,51,39,27,0,0,N/A,0,0,0,1,0,20,0
 Chris Tanev,VAN,25,0,2,2,10,2,10,43,0,0,N/A,0,0,0,0,0,15,0
 Jason Zucker,MIN,6,0,2,2,-2,2,5,2,0,0,N/A,0,0,0,0,0,10,0
 Ryan Russell,COB,41,2,0,2,-7,2,37,44,0,5,0,0,0,0,0,0,39,0.051
 Matt Kassian,OTT,24,2,0,2,-2,55,32,5,0,0,N/A,0,0,0,0,0,13,0.154
 Nate Guenin,COL,15,2,0,2,6,6,26,17,0,0,N/A,0,0,0,0,1,5,0.4
 Randy Jones,WPG,39,1,1,2,4,8,23,40,0,0,N/A,0,0,0,0,0,24,0.042
 Mike Mottau,FLA,35,0,2,2,-11,15,38,47,0,0,N/A,0,0,0,0,0,22,0
 Brandon Pirri,CHI,5,0,2,2,2,0,5,2,26,28,0.481,0,0,0,0,0,5,0
 Ben Smith,CHI,13,2,0,2,-5,0,6,5,7,7,0.5,0,0,0,0,0,18,0.111
 Peter Harrold,NJD,11,0,2,2,0,0,3,11,0,0,N/A,0,1,0,0,0,11,0
 Chad Rau,MIN,9,2,0,2,-1,0,2,5,35,30,0.538,0,0,0,0,2,7,0.286
 Tomas Kubalik,WPG,8,1,1,2,-3,6,6,5,0,0,N/A,0,0,0,0,0,8,0.125
 Brad Malone,COL,9,0,2,2,1,0,13,1,1,7,0.125,0,0,0,0,0,6,0
 Pierre-Cedric Labrie,TAM,14,0,2,2,-2,15,36,5,3,2,0.6,0,0,0,0,0,5,0
 Stephane Veilleux,MIN,22,0,2,2,-2,15,27,5,3,7,0.3,0,0,0,0,0,16,0
 Zach Boychuk,CAR,16,0,2,2,-3,0,16,2,2,2,0.5,0,0,0,0,0,10,0
 Mark Fistric,ANA,60,0,2,2,-3,41,235,105,1,0,1,0,0,0,0,0,30,0
 Mike Duco,VAN,6,0,2,2,1,5,17,2,0,0,N/A,0,0,0,0,0,4,0
 Josh Green,EDM,7,1,1,2,-6,7,4,2,16,21,0.432,1,0,0,0,0,14,0.071
 Jordie Benn,DAL,3,0,2,2,1,0,3,2,0,0,N/A,0,0,0,0,0,1,0
 Jason Williams,PIT,8,1,1,2,1,4,1,2,0,1,0,0,1,0,0,0,4,0.25
 Rob Klinkhammer,PHO,15,0,2,2,0,2,47,3,2,1,0.667,0,0,0,0,0,26,0
 Jed Ortmeyer,FLA,35,1,1,2,-8,14,53,14,4,5,0.444,0,0,0,0,1,41,0.024
 Brad Staubitz,ANA,62,1,0,1,-5,121,96,20,3,3,0.5,0,0,0,0,0,27,0.037
 Alex Plante,EDM,3,0,1,1,0,2,5,1,0,0,N/A,0,0,0,0,0,0,N/A
 Alexandre Giroux,COB,9,1,0,1,-2,8,11,0,1,0,1,0,0,0,0,0,18,0.056
 Chris VandeVelde,PHI,5,1,0,1,2,2,4,3,18,22,0.45,0,0,0,0,0,1,1
 Colten Teubert,EDM,24,0,1,1,-5,25,68,28,0,0,N/A,0,0,0,0,0,13,0
 Carl Sneep,DAL,1,0,1,1,1,0,2,1,0,0,N/A,0,0,0,0,0,0,N/A
 Mika Zibanejad,OTT,9,0,1,1,-3,2,15,5,22,28,0.44,0,1,0,0,0,12,0
 Cody Bass,COB,14,0,1,1,0,32,22,7,5,3,0.625,0,0,0,0,0,13,0
 Radek Martinek,NYI,7,1,0,1,-3,0,5,7,0,0,N/A,0,0,0,0,0,10,0.1
 Mike Angelidis,TAM,6,1,0,1,-1,5,6,2,4,3,0.571,0,0,0,0,0,8,0.125
 Jason Jaffray,WPG,13,0,1,1,-1,7,16,2,8,7,0.533,0,0,0,0,0,10,0
 Aaron Volpatti,WAS,23,1,0,1,-2,37,61,8,4,0,1,0,0,0,0,0,17,0.059
 Riley Nash,CAR,5,0,1,1,1,2,1,1,11,24,0.314,0,0,0,0,0,2,0
 Ryan Hamilton,EDM,2,0,1,1,-1,2,5,0,0,0,N/A,0,0,0,0,0,1,0
 Mark Scheifele,WPG,7,1,0,1,0,0,3,1,18,33,0.353,1,0,0,0,0,5,0.2
 Tom Sestito,VAN,14,0,1,1,-3,83,37,2,2,2,0.5,0,0,0,0,0,4,0
 Cam Janssen,NJD,48,0,1,1,-8,75,74,3,2,3,0.4,0,0,0,0,0,17,0
 Travis Turnbull,BUF,3,1,0,1,0,5,7,2,5,5,0.5,0,0,0,0,0,3,0.333
 Adam Cracknell,STL,2,1,0,1,1,0,1,3,0,1,0,0,0,0,0,0,1,1
 Cody Almond,MIN,10,1,0,1,-5,15,15,8,25,33,0.431,0,0,0,0,0,7,0.143
 Krys Kolanos,CGY,13,0,1,1,-1,2,13,0,17,13,0.567,0,0,0,0,0,29,0
 Torey Krug,BOS,2,0,1,1,0,0,0,4,0,0,N/A,0,0,0,0,0,3,0
 Colton Orr,TOR,5,1,0,1,1,5,7,0,0,1,0,0,0,0,0,0,3,0.333
 Paul Bissonnette,PHO,31,1,0,1,-4,41,70,1,0,1,0,0,0,0,0,1,15,0.067
 Bill Thomas,COL,7,1,0,1,0,0,10,1,0,3,0,0,0,0,0,0,9,0.111
 Jarod Palmer,MIN,6,1,0,1,-2,4,3,1,1,1,0.5,0,0,0,0,0,14,0.071
 T.J. Brennan,TOR,11,1,0,1,0,6,20,6,0,0,N/A,0,0,0,0,0,14,0.071
 J.T. Brown,TAM,5,0,1,1,2,0,2,3,0,0,N/A,0,0,0,0,0,13,0
 Nino Niederreiter,MIN,55,1,0,1,-29,12,129,14,0,2,0,0,0,0,0,0,74,0.014
 Mark Cullen,FLA,6,0,1,1,2,2,2,1,15,12,0.556,0,0,0,0,0,1,0
 Andre Deveaux,FLA,9,0,1,1,3,29,16,0,1,0,1,0,0,0,0,0,2,0
 Brad Mills,CHI,27,0,1,1,-10,32,36,3,77,49,0.611,0,0,0,0,0,18,0
 Ryan O'Marra,ANA,9,0,1,1,-1,4,19,7,36,29,0.554,0,0,0,0,0,7,0
 John Scott,BUF,35,0,1,1,-1,53,39,10,0,0,N/A,0,0,0,0,0,9,0
 Cade Fairchild,STL,5,0,1,1,-1,0,1,4,0,0,N/A,0,0,0,0,0,1,0
 Philippe Cornet,FLA,2,0,1,1,0,0,2,0,0,0,N/A,0,0,0,0,0,0,N/A
 Jody Shelley,PHI,30,0,1,1,-6,64,49,6,0,2,0,0,0,0,0,0,19,0
 Brian Strait,NYI,9,0,1,1,-2,4,12,12,0,0,N/A,0,0,0,0,0,4,0
 Carter Camper,BOS,3,1,0,1,1,0,1,2,6,8,0.429,0,0,0,0,0,1,1
 Fabian Brunnstrom,DET,5,0,1,1,-2,4,4,1,0,0,N/A,0,0,0,0,0,6,0
 Peter Holland,ANA,4,1,0,1,0,2,4,1,7,11,0.389,0,0,0,0,1,1,1
 Chay Genoway,WAS,1,0,1,1,0,0,0,1,0,0,N/A,0,0,0,0,0,1,0
 Doug Janik,DET,9,0,1,1,2,6,7,6,0,0,N/A,0,0,0,0,0,6,0
 Dylan Olsen,CHI,28,0,1,1,-5,6,43,23,0,0,N/A,0,0,0,0,0,16,0
 Patrick Eaves,DET,10,0,1,1,0,2,21,7,2,3,0.4,0,0,0,0,0,24,0
 Stephen Gionta,NJD,1,1,0,1,1,0,1,1,5,3,0.625,0,0,0,0,1,2,0.5
 Nikita Filatov,OTT,9,0,1,1,1,4,8,1,0,1,0,0,0,0,0,0,6,0
 Alexander Urbom,NJD,5,1,0,1,1,9,5,2,0,0,N/A,0,0,0,0,0,3,0.333
 Brandon Manning,PHI,4,0,0,0,1,0,6,2,0,0,N/A,0,0,0,0,0,6,0
 Ty Wishart,NYI,1,0,0,0,0,0,1,0,0,0,N/A,0,0,0,0,0,0,N/A
 Andre Petersson,OTT,1,0,0,0,0,0,0,0,0,0,N/A,0,0,0,0,0,0,N/A
 Jon Matsumoto,FLA,1,0,0,0,0,0,0,0,1,0,1,0,0,0,0,0,0,N/A
 Dalton Prout,COB,5,0,0,0,1,0,5,3,0,0,N/A,0,0,0,0,0,2,0
 Mattias Ekholm,NAS,2,0,0,0,-1,0,0,3,0,0,N/A,0,0,0,0,0,1,0
 Bracken Kearns,SAN,5,0,0,0,0,10,6,1,1,1,0.5,0,0,0,0,0,0,N/A
 Reilly Smith,BOS,3,0,0,0,-3,2,0,0,1,0,1,0,0,0,0,0,2,0
 Aaron Gagnon,WPG,7,0,0,0,-1,0,1,4,18,22,0.45,0,0,0,0,0,6,0
 Kristian Huselius,COB,2,0,0,0,-2,2,0,0,0,0,N/A,0,0,0,0,0,2,0
 Brenden Dillon,DAL,1,0,0,0,0,0,4,3,0,0,N/A,0,0,0,0,0,6,0
 Brandon Saad,CHI,2,0,0,0,0,0,0,1,0,0,N/A,0,0,0,0,0,3,0
 Jeremy Welsh,CAR,1,0,0,0,0,4,3,0,4,9,0.308,0,0,0,0,0,2,0
 Bobby Sanguinetti,CAR,3,0,0,0,0,0,1,2,0,0,N/A,0,0,0,0,0,5,0
 Chris Mueller,DAL,4,0,0,0,-1,0,1,2,15,12,0.556,0,0,0,0,0,4,0
 Eric Boulton,NYI,51,0,0,0,-12,115,89,10,1,2,0.333,0,0,0,0,0,25,0
 Victor Oreskovich,VAN,1,0,0,0,0,7,1,0,0,0,N/A,0,0,0,0,0,0,N/A
 Matt Fraser,BOS,1,0,0,0,0,0,0,1,0,0,N/A,0,0,0,0,0,1,0
 Lane MacDermid,DAL,5,0,0,0,-2,5,10,3,0,0,N/A,0,0,0,0,0,6,0
 Andy Miele,PHO,7,0,0,0,-3,6,11,0,7,21,0.25,0,0,0,0,0,4,0
 Sean Collins,NYR,2,0,0,0,-1,0,0,1,0,0,N/A,0,0,0,0,0,3,0
 Kris Foucault,MIN,1,0,0,0,0,0,0,0,0,0,N/A,0,0,0,0,0,0,N/A
 Mark Fraser,TOR,4,0,0,0,-2,14,6,3,0,0,N/A,0,0,0,0,0,0,N/A
 Rhett Rakhshani,NYI,5,0,0,0,0,2,1,1,0,0,N/A,0,0,0,0,0,3,0
 Bill Sweatt,VAN,2,0,0,0,0,0,1,2,0,0,N/A,0,0,0,0,0,2,0
 Clay Wilson,CGY,5,0,0,0,0,4,1,2,0,0,N/A,0,0,0,0,0,7,0
 Aaron Ness,NYI,9,0,0,0,0,2,2,17,0,0,N/A,0,0,0,0,0,6,0
 Mark Borowiecki,OTT,2,0,0,0,-1,2,4,0,0,0,N/A,0,0,0,0,0,1,0
 Tim Sestito,NJD,18,0,0,0,-5,7,28,5,31,44,0.413,0,0,0,0,0,6,0
 Joe Piskula,NAS,5,0,0,0,-5,2,6,5,0,0,N/A,0,0,0,0,0,2,0
 Kris Fredheim,MIN,3,0,0,0,-2,2,1,5,0,0,N/A,0,0,0,0,0,0,N/A
 Tyson Barrie,COL,10,0,0,0,-2,0,9,10,0,0,N/A,0,0,0,0,0,15,0
 Mark Bell,ANA,5,0,0,0,0,5,7,0,12,10,0.545,0,0,0,0,0,0,N/A
 Kris Newbury,PHI,7,0,0,0,-1,24,14,1,6,11,0.353,0,0,0,0,0,2,0
 Matt Donovan,NYI,3,0,0,0,-3,0,3,4,0,0,N/A,0,0,0,0,0,6,0
 Mike Connolly,COL,2,0,0,0,0,2,2,1,0,0,N/A,0,0,0,0,0,1,0
 Andrew Joudrey,COB,1,0,0,0,0,0,0,2,1,0,1,0,0,0,0,0,1,0
 Brett Sterling,STL,4,0,0,0,-1,0,1,0,3,1,0.75,0,0,0,0,0,5,0
 Frazer McLaren,TOR,7,0,0,0,0,9,6,2,0,0,N/A,0,0,0,0,0,2,0
 Greg Rallo,FLA,1,0,0,0,0,0,0,0,0,0,N/A,0,0,0,0,0,1,0
 Pierre-Luc Letourneau-Leblond,PIT,3,0,0,0,1,10,2,0,0,0,N/A,0,0,0,0,0,3,0
 Trent Whitfield,BOS,1,0,0,0,0,0,2,3,0,0,N/A,0,0,0,0,0,1,0
 Guillaume Desbiens,COL,10,0,0,0,-1,25,16,2,1,1,0.5,0,0,0,0,0,2,0
 Francis Wathier,DAL,1,0,0,0,0,0,3,0,0,0,N/A,0,0,0,0,0,0,N/A
 Scott Glennie,DAL,1,0,0,0,0,2,2,0,0,0,N/A,0,0,0,0,0,0,N/A
 Zack Stortini,ANA,1,0,0,0,0,7,1,0,0,0,N/A,0,0,0,0,0,1,0
 Steve MacIntyre,PIT,12,0,0,0,0,6,5,0,0,0,N/A,0,0,0,0,0,0,N/A
 D.J. King,WAS,1,0,0,0,0,0,2,0,0,0,N/A,0,0,0,0,0,1,0
 Vladimir Zharkov,NJD,4,0,0,0,-2,0,1,0,0,0,N/A,0,0,0,0,0,0,N/A
 Arturs Kulda,WPG,9,0,0,0,3,4,13,8,0,0,N/A,0,0,0,0,0,8,0
 Calvin de Haan,NYI,1,0,0,0,1,0,2,0,0,0,N/A,0,0,0,0,0,2,0
 Colin McDonald,NYI,5,0,0,0,0,0,8,0,0,0,N/A,0,0,0,0,0,6,0
 Jay Rosehill,PHI,31,0,0,0,-4,60,53,5,1,3,0.25,0,0,0,0,0,15,0
 Carter Ashton,TOR,15,0,0,0,-10,13,32,2,1,1,0.5,0,0,0,0,0,22,0
 Steve Zalewski,NJD,7,0,0,0,-2,0,11,1,22,22,0.5,0,0,0,0,0,6,0
 Joel Rechlicz,WAS,3,0,0,0,0,10,2,0,0,0,N/A,0,0,0,0,0,0,N/A
 Bryan Rodney,NAS,1,0,0,0,-1,0,1,0,0,0,N/A,0,0,0,0,0,0,N/A
 Jean-Francois Jacques,TAM,6,0,0,0,2,12,6,0,0,0,N/A,0,0,0,0,0,7,0
 Milan Kytnar,EDM,1,0,0,0,0,0,0,0,0,1,0,0,0,0,0,0,1,0
 John McCarthy,SAN,10,0,0,0,-2,10,10,1,18,25,0.419,0,0,0,0,0,14,0
 Micheal Haley,NYR,14,0,0,0,-1,57,31,2,1,1,0.5,0,0,0,0,0,13,0
 Kevin Marshall,TOR,10,0,0,0,-1,8,8,4,0,0,N/A,0,0,0,0,0,6,0
 Taylor Chorney,STL,5,0,0,0,-1,0,0,4,0,0,N/A,0,0,0,0,0,2,0
 Colin Stuart,VAN,2,0,0,0,-3,0,0,0,0,0,N/A,0,0,0,0,0,0,N/A
 Raitis Ivanans,CGY,1,0,0,0,-1,0,3,1,0,0,N/A,0,0,0,0,0,0,N/A
 Tomas Kundratek,WAS,5,0,0,0,0,2,3,4,0,0,N/A,0,0,0,0,0,2,0
 Trevor Gillies,NYI,3,0,0,0,-1,0,2,0,0,0,N/A,0,0,0,0,0,1,0
 Alexandre Bolduc,STL,2,0,0,0,-1,2,1,0,1,0,1,0,0,0,0,0,1,0
 Rostislav Olesz,NJD,6,0,0,0,-1,6,7,1,0,2,0,0,0,0,0,0,6,0
 Paul Postma,WPG,3,0,0,0,0,0,1,1,0,0,N/A,0,0,0,0,0,3,0
 Philippe Dupuis,PIT,30,0,0,0,-2,16,37,16,29,29,0.5,0,0,0,0,0,30,0
 Evan Oberg,STL,3,0,0,0,2,0,3,0,0,0,N/A,0,0,0,0,0,3,0
 Tyler Cuma,MIN,1,0,0,0,0,2,2,1,0,0,N/A,0,0,0,0,0,0,N/A
 Greg Nemisz,CGY,9,0,0,0,1,0,3,1,19,29,0.396,0,0,0,0,0,2,0
 Derek Meech,WPG,2,0,0,0,1,4,1,0,0,0,N/A,0,0,0,0,0,2,0
 Nolan Yonkman,ANA,1,0,0,0,0,0,0,0,0,0,N/A,0,0,0,0,0,0,N/A
 Andreas Engqvist,MON,12,0,0,0,-1,4,9,5,24,36,0.4,0,0,0,0,0,3,0
 Matt Bartkowski,BOS,3,0,0,0,-2,0,5,2,0,0,N/A,0,0,0,0,0,0,N/A
 Cody Goloubef,COB,1,0,0,0,1,0,1,0,0,0,N/A,0,0,0,0,0,0,N/A
 Gabriel Dumont,MON,3,0,0,0,-1,0,7,1,3,15,0.167,0,0,0,0,0,1,0
 Mark Mancari,STL,6,0,0,0,0,0,5,0,0,2,0,0,0,0,0,0,5,0
 Joakim Andersson,DET,5,0,0,0,1,0,5,1,5,1,0.833,0,0,0,0,0,3,0
 Matt Walker,PHI,4,0,0,0,-2,16,1,5,0,0,N/A,0,0,0,0,0,2,0
 Brandon Bollig,CHI,18,0,0,0,-2,58,27,6,0,0,N/A,0,0,0,0,0,16,0
 Dane Byers,WAS,8,0,0,0,0,29,4,4,0,0,N/A,0,0,0,0,0,8,0
 Carl Klingberg,WPG,6,0,0,0,-1,4,1,0,0,0,N/A,0,0,0,0,0,7,0
 Teemu Laakso,NAS,9,0,0,0,-1,8,7,7,0,0,N/A,0,0,0,0,0,4,0
 Brandon Segal,WAS,10,0,0,0,-2,4,12,5,1,3,0.25,0,0,0,0,0,8,0
 Evan Brophey,COL,3,0,0,0,0,0,4,0,3,2,0.6,0,0,0,0,0,0,N/A
 Brett Carson,CGY,2,0,0,0,-2,0,0,1,0,0,N/A,0,0,0,0,0,1,0
 Brendan Bell,NYR,1,0,0,0,-1,0,0,0,0,0,N/A,0,0,0,0,0,2,0
 Jeremy Morin,CHI,3,0,0,0,-1,0,4,0,0,0,N/A,0,0,0,0,0,2,0
 Mattias Ritola,TAM,5,0,0,0,-2,6,4,1,2,1,0.667,0,0,0,0,0,14,0
 Ryan Thang,NAS,1,0,0,0,0,0,0,0,0,0,N/A,0,0,0,0,0,0,N/A
 Brett Festerling,WPG,5,0,0,0,-1,2,7,3,0,0,N/A,0,0,0,0,0,2,0
 Josh Hennessy,BOS,3,0,0,0,1,2,2,0,8,5,0.615,0,0,0,0,0,2,0
 Robert Bortuzzo,PIT,6,0,0,0,1,2,9,1,0,0,N/A,0,0,0,0,0,3,0
 Matt Watkins,WAS,1,0,0,0,-1,0,1,0,0,5,0,0,0,0,0,0,0,N/A
 Kenndal McArdle,WPG,9,0,0,0,-3,4,10,4,0,0,N/A,0,0,0,0,0,3,0
 Pat Maroon,ANA,2,0,0,0,0,2,4,1,0,0,N/A,0,0,0,0,0,1,0
 Jon DiSalvatore,MIN,1,0,0,0,0,2,1,0,0,0,N/A,0,0,0,0,0,2,0
 Derek Whitmore,WAS,2,0,0,0,0,0,3,1,0,0,N/A,0,0,0,0,0,2,0
 Patrice Cormier,WPG,9,0,0,0,1,0,12,0,22,8,0.733,0,0,0,0,0,8,0
 Joe Finley,NYI,5,0,0,0,-3,12,3,0,0,0,N/A,0,0,0,0,0,1,0
 Kyle Wilson,ANA,5,0,0,0,-1,0,7,1,0,1,0,0,0,0,0,0,2,0
 Ben Holmstrom,PHI,5,0,0,0,0,2,8,4,15,15,0.5,0,0,0,0,0,3,0
 Mike Hoffman,OTT,1,0,0,0,-1,0,2,0,0,0,N/A,0,0,0,0,0,0,N/A
 Max Sauve,ANA,1,0,0,0,0,0,0,0,0,0,N/A,0,0,0,0,0,0,N/A
 Mat Clark,ANA,2,0,0,0,-2,0,2,2,0,0,N/A,0,0,0,0,0,2,0
 Colby Robak,FLA,3,0,0,0,1,0,1,2,0,0,N/A,0,0,0,0,0,1,0
 Riley Sheahan,DET,1,0,0,0,0,4,1,1,0,0,N/A,0,0,0,0,0,3,0
