PLAYER,POS,TEAM,GP,G,A,PTS,+/-,PIM,SOG,PCT,WG,TOI,PPG,PPA,SHG,SHA,SG,SA
Pavel Datsyuk,C,DET,2,2,4,6,2,0,4,50,0,36:08:00,0,3,0,0,0,0
Dennis Wideman,D,CGY,2,3,1,4,0,2,4,75,0,25:44:00,1,1,0,0,0,0
Marian Gaborik,RW,CLB,2,2,2,4,4,4,8,25,0,40:53:00,0,1,0,0,0,0
Erik Gudbranson,D,FLA,2,2,2,4,2,0,12,16.7,0,45:19:00,1,1,0,0,0,0
Guillaume Latendresse,LW,PHO,2,2,2,4,3,2,5,40,0,28:16:00,0,0,0,0,0,0
Mason Raymond,LW,TOR,2,2,2,4,2,0,4,50,0,17:01,0,1,1,0,0,0
Jordan Eberle,C,EDM,2,1,3,4,3,0,5,20,0,15:54,0,0,0,0,0,0
Matt Frattin,RW,LA,2,1,3,4,2,0,3,33.3,1,31:27:00,1,0,0,0,0,0
Matt Bartkowski,D,BOS,2,0,4,4,0,2,2,0,0,38:09:00,0,2,0,0,0,0
Jarome Iginla,RW,BOS,2,3,0,3,-2,2,9,33.3,1,36:33:00,1,0,0,0,0,0
Nick Johnson,RW,BOS,2,3,0,3,0,0,5,60,0,24:47:00,1,0,0,0,0,0
Scottie Upshall,RW,FLA,2,3,0,3,1,0,6,50,0,36:03:00,1,0,0,0,0,0
Zemgus Girgensons,C,BUF,2,2,1,3,3,4,5,40,0,34:04:00,0,0,1,0,0,0
Cam Atkinson,RW,CLB,2,2,1,3,3,0,7,28.6,1,37:59:00,0,0,0,0,0,0
Ryan Johansen,C,CLB,2,2,1,3,2,2,4,50,0,35:53:00,1,0,0,0,0,0
Mark Letestu,C,CLB,2,2,1,3,2,0,6,33.3,0,36:38:00,0,0,0,0,0,0
Ben Smith,RW,CHI,2,2,1,3,3,0,3,66.7,0,32:14:00,0,0,1,0,0,0
Adam Almqvist,D,DET,2,2,1,3,5,2,4,50,1,35:20:00,2,0,0,0,0,0
Henrik Zetterberg,C,DET,2,2,1,3,3,2,4,50,1,35:04:00,1,0,0,0,0,0
Jesse Joensuu,LW,EDM,3,2,1,3,1,2,3,66.7,0,29:08:00,0,0,0,0,0,0
Martin Marincin,D,EDM,2,2,1,3,2,2,1,200,2,18:03,0,0,0,0,0,0
Jeff Carter,C,LA,2,2,1,3,1,0,5,40,0,33:25:00,0,0,0,0,0,0
Brandon Yip,RW,PHO,2,2,1,3,2,2,5,40,0,29:37:00,0,0,0,0,0,0
Nazem Kadri,C,TOR,2,2,1,3,1,2,3,66.7,0,12:05,1,0,0,0,0,0
Brayden McNabb,D,BUF,2,1,2,3,5,0,3,33.3,0,38:10:00,0,0,0,0,0,0
R.J. Umberger,C,CLB,2,1,2,3,0,4,4,25,0,37:28:00,0,1,0,0,0,0
Curtis Glencross,LW,CGY,2,1,2,3,1,0,1,100,0,18:46,0,2,0,0,0,0
Corban Knight,C,CGY,3,1,2,3,3,0,6,16.7,0,0:00,0,0,1,0,0,0
Tyler Seguin,C,DAL,2,1,2,3,-1,2,3,33.3,0,39:23:00,1,2,0,0,0,1
Drew Doughty,D,LA,2,1,2,3,0,2,5,20,0,45:10:00,0,1,0,0,0,0
Eric Gelinas,D,NJ,2,1,2,3,0,0,4,25,1,41:24:00,0,1,0,0,0,0
Sean Couturier,C,PHI,2,1,2,3,1,2,6,16.7,0,42:02:00,0,0,0,0,0,0
Jakub Voracek,RW,PHI,2,1,2,3,0,0,8,12.5,0,30:52:00,0,0,0,0,0,0
Chris Brown,C,PHO,2,1,2,3,-2,0,4,25,0,27:07:00,0,1,0,0,0,0
Keith Yandle,D,PHO,1,1,2,3,1,0,5,20,0,34:38:00,0,2,1,0,0,0
Dustin Jeffrey,C,PIT,2,1,2,3,0,0,5,20,0,34:28:00,1,1,0,0,0,0
Andrew Cogliano,C,ANA,1,0,3,3,2,0,2,0,0,16:08,0,0,0,1,0,0
Torey Krug,D,BOS,2,0,3,3,-2,7,3,0,0,41:16:00,0,2,0,0,0,0
Milan Lucic,LW,BOS,2,0,3,3,-3,4,3,0,0,37:54:00,0,2,0,0,0,0
Brandon Dubinsky,C,CLB,2,0,3,3,1,2,12,0,0,45:24:00,0,0,0,0,0,0
Tim Erixon,D,CLB,2,0,3,3,1,0,3,0,0,38:06:00,0,0,0,0,0,0
Sven Baertschi,LW,CGY,3,0,3,3,1,2,3,0,0,0:00,0,1,0,0,1,1
Ben Hanowski,RW,CGY,3,0,3,3,-1,0,4,0,0,0:00,0,0,0,0,0,0
Boyd Gordon,C,EDM,2,0,3,3,2,0,1,0,0,14:37,0,0,0,0,0,0
Greg Pateryn,D,MON,1,0,3,3,1,0,3,0,0,22:54,0,2,0,0,0,0
Andy Miele,C,PHO,2,0,3,3,1,0,3,0,0,31:35:00,0,0,0,0,0,0
David Rundblad,D,PHO,2,0,3,3,0,0,3,0,0,35:43:00,0,2,0,0,0,0
Hampus Lindholm,D,ANA,2,2,0,2,-1,0,5,40,1,37:28:00,2,0,0,0,0,0
Marcus Foligno,LW,BUF,1,2,0,2,1,0,4,50,1,20:41,0,0,0,0,0,0
Johan Larsson,LW,BUF,3,2,0,2,2,2,10,20,0,50:34:00,0,0,0,0,0,0
Alexander Semin,LW,CAR,1,2,0,2,-1,2,2,100,0,19:25,1,0,0,0,0,0
Lance Bouma,C,CGY,2,2,0,2,2,2,1,200,0,16:28,0,0,0,0,0,0
Josh Jooris,C,CGY,3,2,0,2,-2,4,5,40,0,0:00,1,0,0,0,0,0
Sean Monahan,C,CGY,3,2,0,2,1,2,8,25,0,0:00,0,0,0,0,0,0
Patrick Sharp,C,CHI,2,2,0,2,1,6,9,22.2,1,35:49:00,0,0,0,0,0,0
Valeri Nichushkin,RW,DAL,2,2,0,2,-1,0,12,16.7,0,34:05:00,0,0,0,0,0,1
David Perron,LW,EDM,2,2,0,2,3,0,2,100,0,18:53,0,0,0,0,0,0
Michael Bournival,LW,MON,1,2,0,2,2,0,2,100,0,16:39,0,0,0,0,0,0
Josh Bailey,C,NYI,2,2,0,2,-2,0,3,66.7,0,40:15:00,0,0,2,0,0,0
Buddy Robinson,RW,OTT,2,2,0,2,3,0,9,22.2,0,12:12,0,0,1,0,0,0
Chuck Kobasew,RW,PIT,2,2,0,2,-1,0,10,20,0,33:23:00,1,0,0,0,0,0
Dmitrij Jaskin,RW,STL,1,2,0,2,2,0,2,100,0,0:00,0,0,0,0,0,0
Maxim Lapierre,C,STL,1,2,0,2,1,0,3,66.7,0,16:54,1,0,0,0,0,0
Brett Connolly,RW,TB,1,2,0,2,3,0,2,100,0,14:57,0,0,0,0,0,0
Adam Erne,LW,TB,1,2,0,2,0,2,2,100,0,0:00,2,0,0,0,1,1
Brendan Gaunce,C,VAN,2,2,0,2,2,0,3,66.7,0,24:37:00,0,0,0,0,0,0
Evander Kane,LW,WPG,3,2,0,2,-1,2,17,11.8,0,37:17:00,0,0,0,0,0,1
Emerson Etem,RW,ANA,2,1,1,2,1,0,4,25,0,35:53:00,0,0,0,1,0,0
Joel Armia,RW,BUF,2,1,1,2,2,0,7,14.3,0,32:05:00,0,0,0,0,0,0
Cody Hodgson,C,BUF,2,1,1,2,2,2,4,25,1,37:19:00,0,0,0,0,0,0
Chris Terry,LW,CAR,2,1,1,2,0,2,4,25,0,29:02:00,0,0,0,0,0,0
Boone Jenner,C,CLB,2,1,1,2,2,2,8,12.5,0,39:46:00,0,1,0,0,0,0
Ryan Murray,D,CLB,2,1,1,2,3,0,1,100,1,47:56:00,0,0,0,0,0,0
James Wisniewski,D,CLB,2,1,1,2,3,5,2,50,0,48:23:00,1,0,0,0,0,0
T.J. Galiardi,LW,CGY,2,1,1,2,1,2,7,14.3,1,20:21,1,0,0,0,0,0
David Jones,RW,CGY,3,1,1,2,1,4,5,20,0,0:00,0,0,0,0,0,0
Emile Poirier,LW,CGY,3,1,1,2,2,0,2,50,0,0:00,0,0,0,0,0,0
Matt Stajan,C,CGY,3,1,1,2,0,11,3,33.3,0,0:00,0,0,0,0,0,0
Erik Cole,RW,DAL,2,1,1,2,-1,0,1,100,0,39:12:00,1,1,0,0,0,0
Cody Eakin,C,DAL,2,1,1,2,0,0,9,11.1,0,39:22:00,0,0,0,0,0,0
Joakim Andersson,C,DET,2,1,1,2,2,0,2,50,0,30:12:00,0,0,0,0,0,0
Tomas Tatar,C,DET,2,1,1,2,1,0,1,100,0,28:26:00,0,1,0,0,0,0
Mark Arcobello,LW,EDM,3,1,1,2,0,0,4,25,0,34:25:00,0,0,0,0,0,0
Philip Larsen,D,EDM,2,1,1,2,0,0,1,100,0,23:45,0,0,0,0,0,0
Drew Shore,C,FLA,2,1,1,2,3,2,4,25,0,33:19:00,0,0,0,0,0,0
Brandon Kozun,RW,LA,1,1,1,2,0,4,3,33.3,0,14:50,0,0,0,0,0,0
Tanner Pearson,LW,LA,2,1,1,2,1,2,6,16.7,0,31:41:00,0,0,0,0,0,0
Charlie Coyle,C,MIN,2,1,1,2,1,0,4,25,1,40:39:00,0,1,0,0,0,0
Martin St. Pierre,C,MON,1,1,1,2,1,2,1,100,0,16:00,1,0,0,0,0,0
Jon Merrill,D,NJ,1,1,1,2,-2,0,2,50,0,18:30,0,1,0,0,0,0
Rostislav Olesz,C,NJ,2,1,1,2,-2,0,3,33.3,0,34:08:00,1,0,0,0,0,0
Matt Cullen,C,NSH,2,1,1,2,-1,0,2,50,0,32:42:00,0,1,1,0,0,0
Anders Lee,C,NYI,2,1,1,2,-1,0,2,50,0,14:23,1,0,0,0,0,0
Matt Moulson,LW,NYI,1,1,1,2,-1,0,4,25,0,0:00,1,1,0,0,0,0
John Tavares,C,NYI,1,1,1,2,-2,2,2,50,0,0:00,1,1,0,0,0,0
Derick Brassard,C,NYR,1,1,1,2,2,2,1,100,0,17:49,0,0,0,0,0,0
Milan Michalek,LW,OTT,2,1,1,2,1,0,3,33.3,0,39:27:00,1,0,0,0,0,0
Bobby Ryan,RW,OTT,2,1,1,2,0,2,6,16.7,1,35:05:00,0,0,0,0,0,0
Jason Akeson,C,PHI,2,1,1,2,0,2,2,50,0,30:21:00,0,0,0,0,0,1
Nick Cousins,C,PHI,2,1,1,2,0,0,3,33.3,0,18:34,0,0,0,0,1,1
Brayden Schenn,C,PHI,2,1,1,2,0,0,4,25,0,20:34,0,0,0,0,0,1
Shane Doan,RW,PHO,1,1,1,2,0,0,4,25,1,16:51,1,1,0,0,0,0
Joe Pavelski,C,SJ,1,1,1,2,0,0,6,16.7,0,17:15,0,1,0,0,0,0
Tommy Wingels,C,SJ,1,1,1,2,0,0,2,50,1,18:27,1,0,0,0,0,0
Ryan Reaves,RW,STL,1,1,1,2,1,0,3,33.3,0,13:39,0,0,0,0,0,0
Jamie Devane,LW,TOR,3,1,1,2,-1,11,2,50,0,15:37,0,0,0,0,0,0
James van Riemsdyk,LW,TOR,2,1,1,2,1,0,3,33.3,0,39:57:00,0,0,0,0,1,1
Troy Brouwer,RW,WAS,2,1,1,2,1,0,4,25,0,0:00,1,0,0,0,1,1
Jakob Silfverberg,LW,ANA,2,0,2,2,-1,0,2,0,0,33:39:00,0,1,0,0,0,0
Ryan Spooner,C,BOS,2,0,2,2,1,0,5,0,0,27:58:00,0,1,0,0,0,0
Ville Leino,LW,BUF,2,0,2,2,1,0,1,0,0,31:04:00,0,0,0,0,0,0
Radek Dvorak,RW,CAR,1,0,2,2,1,0,1,0,0,12:30,0,0,0,0,0,0
Jay Harrison,D,CAR,1,0,2,2,0,0,3,0,0,21:47,0,0,0,0,0,0
Michal Jordan,D,CAR,2,0,2,2,0,0,1,0,0,36:40:00,0,1,0,0,0,0
Blake Comeau,RW,CLB,2,0,2,2,2,2,1,0,0,30:47:00,0,0,0,0,0,0
Nick Foligno,LW,CLB,2,0,2,2,-1,0,1,0,0,35:20:00,0,1,0,0,0,0
Nikita Nikitin,D,CLB,2,0,2,2,1,4,1,0,0,48:08:00,0,1,0,0,0,0
Derek Smith,D,CGY,2,0,2,2,0,0,0,0,0,21:10,0,0,0,0,0,0
Lee Stempniak,RW,CGY,2,0,2,2,2,0,2,0,0,20:08,0,1,0,0,0,0
Alex Chiasson,RW,DAL,2,0,2,2,0,4,2,0,0,33:07:00,0,2,0,0,1,1
Jakub Kindl,D,DET,2,0,2,2,1,4,1,0,0,29:28:00,0,1,0,0,0,0
Brendan Smith,D,DET,1,0,2,2,0,2,0,0,0,22:32,0,1,0,0,0,0
Taylor Fedun,D,EDM,1,0,2,2,0,0,0,0,0,0:00,0,1,0,0,0,0
Brad Hunt,D,EDM,1,0,2,2,2,0,0,0,0,15:30,0,0,0,0,0,0
Nail Yakupov,RW,EDM,2,0,2,2,0,0,4,0,0,20:46,0,0,0,0,0,0
Vincent Trocheck,C,FLA,2,0,2,2,0,4,1,0,0,32:16:00,0,0,0,0,0,0
Mikael Granlund,C,MIN,2,0,2,2,1,0,3,0,0,38:47:00,0,1,0,0,0,0
Francis Bouillon,D,MON,1,0,2,2,0,0,1,0,0,22:47,0,1,0,0,0,0
David Desharnais,C,MON,1,0,2,2,0,2,1,0,0,16:09,0,2,0,0,0,0
Michael McCarron,RW,MON,1,0,2,2,1,2,2,0,0,14:48,0,1,0,0,0,0
Jarred Tinordi,D,MON,2,0,2,2,-1,5,3,0,0,40:06:00,0,1,0,0,0,0
Colin Wilson,C,NSH,2,0,2,2,-1,0,3,0,0,32:47:00,0,1,0,0,0,0
Kyle Okposo,RW,NYI,2,0,2,2,-1,0,1,0,0,40:32:00,0,0,0,2,0,0
Erik Karlsson,D,OTT,2,0,2,2,1,0,4,0,0,55:20:00,0,1,0,0,0,0
Troy Rutkowski,D,OTT,2,0,2,2,-1,6,2,0,0,15:53,0,0,0,0,0,0
Patrick Wiercioch,D,OTT,1,0,2,2,2,2,2,0,0,22:07,0,0,0,0,0,0
Hal Gill,D,PHI,2,0,2,2,1,0,2,0,0,15:17,0,0,0,0,0,0
Nicklas Grossmann,D,PHI,2,0,2,2,-1,2,2,0,0,19:27,0,0,0,0,0,0
Andrew Ebbett,C,PIT,1,0,2,2,1,0,1,0,0,19:38,0,1,0,0,0,0
Tom Kuhnhackl,RW,PIT,1,0,2,2,1,0,1,0,0,14:26,0,1,0,0,0,0
Chris Kunitz,LW,PIT,2,0,2,2,-1,0,3,0,0,38:59:00,0,1,0,0,0,0
Sergei Andronov,RW,STL,1,0,2,2,1,2,2,0,0,14:45,0,1,0,0,0,0
J.T. Brown,RW,TB,1,0,2,2,-2,0,0,0,0,0:00,0,1,0,0,0,0
Victor Hedman,D,TB,1,0,2,2,2,0,1,0,0,23:42,0,0,0,0,0,0
Henrik Tommernes,D,VAN,1,0,2,2,2,2,0,0,0,16:41,0,0,0,0,0,0
Eric Fehr,RW,WAS,1,0,2,2,0,2,4,0,0,18:48,0,1,0,0,0,1
Nathan Walker,C,WAS,2,0,2,2,2,0,4,0,0,0:00,0,0,0,0,0,0
Devin Setoguchi,RW,WPG,3,0,2,2,1,4,7,0,0,28:00:00,0,0,0,0,0,1
Eric Tangradi,LW,WPG,2,0,2,2,-1,0,5,0,0,16:23,0,1,0,0,0,0
Teemu Selanne,RW,ANA,1,1,0,1,0,0,3,33.3,0,17:12,0,0,0,0,0,0
Devante Smith-Pelly,RW,ANA,2,1,0,1,-2,4,1,100,0,28:23:00,1,0,0,0,0,0
Sami Vatanen,D,ANA,2,1,0,1,1,0,4,25,0,43:55:00,0,0,0,0,0,0
Daniel Winnik,LW,ANA,2,1,0,1,2,0,3,33.3,0,30:34:00,0,0,0,0,0,0
Nolan Yonkman,D,ANA,2,1,0,1,0,4,3,33.3,1,37:24:00,0,0,1,0,0,0
Justin Florek,LW,BOS,1,1,0,1,1,0,3,33.3,0,0:00,0,0,0,0,0,0
Chris Kelly,C,BOS,1,1,0,1,1,0,5,20,0,0:00,0,0,0,0,0,1
David Krejci,C,BOS,2,1,0,1,-3,0,3,33.3,0,41:56:00,1,0,0,0,0,0
Zach Trotman,D,BOS,2,1,0,1,-1,2,4,25,0,41:21:00,1,0,0,0,0,0
Colton Gillies,C,BUF,2,1,0,1,0,2,2,50,0,16:49,0,0,0,0,0,0
Mikhail Grigorenko,C,BUF,3,1,0,1,2,0,3,33.3,0,42:05:00,0,0,0,0,1,1
Jamie McBain,D,BUF,1,1,0,1,1,0,2,50,0,23:21,0,0,0,0,0,0
Zach Boychuk,C,CAR,1,1,0,1,0,0,3,33.3,0,13:09,0,0,0,0,0,0
Eric Staal,C,CAR,1,1,0,1,1,2,3,33.3,0,19:29,0,0,0,0,0,0
Jeremy Welsh,C,CAR,2,1,0,1,-4,0,4,25,0,26:38:00,0,0,0,0,0,0
Artem Anisimov,C,CLB,2,1,0,1,1,0,4,25,0,40:14:00,1,0,0,0,0,0
Sean Collins,C,CLB,2,1,0,1,-1,0,1,100,1,20:18,0,0,0,0,0,0
Mikael Backlund,C,CGY,3,1,0,1,3,2,8,12.5,1,0:00,0,0,0,0,0,0
Mike Cammalleri,LW,CGY,1,1,0,1,0,0,0,0,0,0:00,0,0,0,0,0,0
Ben Street,RW,CGY,2,1,0,1,-1,0,0,0,0,14:48,0,0,0,0,0,0
Brandon Bollig,LW,CHI,2,1,0,1,0,2,1,100,0,20:06,0,0,0,0,0,0
Paul Stastny,C,COL,1,1,0,1,1,4,1,100,0,19:09,0,0,0,0,0,0
Jamie Benn,LW,DAL,2,1,0,1,-2,0,9,11.1,0,40:12:00,1,0,0,0,1,2
Kevin Connauton,D,DAL,1,1,0,1,0,0,4,25,0,21:01,0,0,0,0,0,0
Justin Abdelkader,LW,DET,2,1,0,1,1,2,5,20,0,31:15:00,1,0,0,0,0,0
Daniel Cleary,RW,DET,2,1,0,1,0,2,3,33.3,0,34:27:00,0,0,0,0,0,0
Danny DeKeyser,D,DET,2,1,0,1,2,0,2,50,0,40:26:00,0,0,0,0,0,0
David McIntyre,C,DET,1,1,0,1,1,5,3,33.3,0,9:31,0,0,0,0,0,0
Taylor Hall,LW,EDM,2,1,0,1,1,6,6,16.7,0,16:31,0,0,0,0,0,1
Ryan Jones,RW,EDM,2,1,0,1,1,18,1,100,0,16:14,1,0,0,0,0,0
Mitchell Moroz,LW,EDM,1,1,0,1,1,0,2,50,0,8:50,0,0,0,0,0,0
Kyle Platzer,C,EDM,1,1,0,1,0,0,0,0,0,0:00,0,0,0,0,0,0
Ryan Smyth,LW,EDM,2,1,0,1,0,0,3,33.3,0,15:07,1,0,0,0,0,0
Brad Boyes,C,FLA,2,1,0,1,1,0,5,20,1,38:23:00,0,0,0,0,0,1
Tomas Fleischmann,C,FLA,1,1,0,1,0,0,5,20,1,19:25,0,0,0,0,0,0
Jared Gomes,LW,FLA,1,1,0,1,1,0,2,50,0,16:18,0,0,0,0,0,0
Quinton Howden,C,FLA,2,1,0,1,1,2,3,33.3,0,27:48:00,0,0,0,0,0,0
Tomas Kopecky,C,FLA,2,1,0,1,0,0,4,25,0,36:25:00,1,0,0,0,0,0
Anze Kopitar,C,LA,2,1,0,1,3,0,3,33.3,0,37:30:00,0,0,0,0,0,0
Scott Sabourin,RW,LA,2,1,0,1,1,7,4,25,0,20:32,0,0,0,0,0,0
Slava Voynov,D,LA,2,1,0,1,4,0,6,16.7,0,45:04:00,0,0,0,0,0,0
Mathew Dumba,D,MIN,2,1,0,1,1,2,6,16.7,0,46:49:00,0,0,0,0,0,0
Kris Foucault,LW,MIN,1,1,0,1,1,0,1,100,0,8:42,0,0,0,0,0,0
Steve Kampfer,D,MIN,1,1,0,1,2,0,1,100,0,18:30,0,0,1,0,0,0
Nino Niederreiter,RW,MIN,2,1,0,1,0,0,5,20,0,32:25:00,1,0,0,0,0,0
Travis Moen,LW,MON,1,1,0,1,1,2,1,100,0,14:15,0,0,0,0,0,0
Erik Nystrom,LW,MON,1,1,0,1,0,0,1,100,0,11:06,1,0,0,0,0,0
Max Pacioretty,LW,MON,1,1,0,1,0,0,1,100,0,18:59,1,0,0,0,0,0
P.K. Subban,D,MON,1,1,0,1,0,0,2,50,0,21:46,1,0,0,0,0,0
Mattias Tedenby,LW,NJ,1,1,0,1,1,0,1,100,0,15:03,0,0,0,0,0,0
Marek Zidlicky,D,NJ,1,1,0,1,-1,0,4,25,0,19:52,0,0,0,0,0,0
Gabriel Bourque,LW,NSH,1,1,0,1,0,0,4,25,0,19:36,0,0,0,0,0,0
Filip Forsberg,C,NSH,2,1,0,1,-2,2,6,16.7,0,31:09:00,0,0,0,0,0,0
Kevin Henderson,LW,NSH,2,1,0,1,1,0,1,100,0,23:51,0,0,0,0,0,0
Craig Smith,C,NSH,1,1,0,1,1,2,3,33.3,0,14:11,0,0,0,0,0,0
Shea Weber,D,NSH,2,1,0,1,-2,4,4,25,0,47:48:00,1,0,0,0,0,0
Eric Boulton,LW,NYI,2,1,0,1,0,20,2,50,1,7:09,0,0,0,0,0,0
Michael Grabner,RW,NYI,1,1,0,1,2,0,2,50,0,19:36,0,0,0,0,0,0
Peter Regin,C,NYI,2,1,0,1,3,0,4,25,0,31:49:00,0,0,0,0,0,0
Griffin Reinhart,D,NYI,2,1,0,1,1,0,1,100,0,38:04:00,0,0,0,0,0,0
Riley Wetmore,RW,NYI,1,1,0,1,0,0,3,33.3,0,15:10,0,0,0,0,0,0
Dominic Moore,C,NYR,2,1,0,1,0,0,2,50,0,28:44:00,0,0,0,0,0,0
Benoit Pouliot,LW,NYR,1,1,0,1,2,0,2,50,1,14:16,0,0,0,0,0,0
Darroll Powe,LW,NYR,2,1,0,1,-1,2,2,50,0,24:00:00,0,0,0,0,0,0
Mark Borowiecki,D,OTT,2,1,0,1,3,7,1,100,1,17:40,0,0,0,0,0,0
Fredrik Claesson,D,OTT,1,1,0,1,1,0,1,100,0,16:06,0,0,0,0,0,0
Cory Conacher,LW,OTT,2,1,0,1,0,6,8,12.5,0,13:12,0,0,0,0,0,0
Clarke MacArthur,LW,OTT,1,1,0,1,2,0,2,50,0,0:00,0,0,0,0,0,0
Andre Petersson,RW,OTT,1,1,0,1,1,0,4,25,0,11:52,0,0,0,0,0,0
Doug Clarkson,RW,PHI,1,1,0,1,0,7,4,25,0,0:00,0,0,0,0,0,0
Bruno Gervais,D,PHI,1,1,0,1,0,0,2,50,0,20:53,0,0,0,0,0,0
Vincent Lecavalier,C,PHI,2,1,0,1,-2,0,4,25,0,38:26:00,1,0,0,0,0,1
Luke Schenn,D,PHI,2,1,0,1,0,0,4,25,0,21:04,0,0,0,0,0,0
Maxime Talbot,C,PHI,2,1,0,1,1,0,3,33.3,0,36:31:00,0,0,0,0,0,1
Mikkel Boedker,RW,PHO,1,1,0,1,0,0,3,33.3,0,16:13,1,0,0,0,0,0
Gilbert Brule,C,PHO,2,1,0,1,-4,4,2,50,0,29:22:00,1,0,0,0,0,0
Rob Klinkhammer,LW,PHO,2,1,0,1,-1,2,1,100,1,33:03:00,1,0,0,0,0,0
Jordan Szwarz,RW,PHO,1,1,0,1,0,0,2,50,0,12:09,0,0,1,0,0,0
Sidney Crosby,C,PIT,2,1,0,1,-1,4,8,12.5,0,43:51:00,0,0,0,0,0,1
James Neal,LW,PIT,1,1,0,1,0,0,8,12.5,0,22:00,0,0,0,0,0,0
Derrick Pouliot,D,PIT,2,1,0,1,-1,2,2,50,0,45:16:00,1,0,0,0,0,0
Brandon Sutter,C,PIT,2,1,0,1,-1,0,5,20,0,37:26:00,0,0,0,0,0,0
Joe Vitale,C,PIT,2,1,0,1,-2,9,5,20,0,26:24:00,0,0,0,0,0,0
John McCarthy,LW,SJ,1,1,0,1,1,0,4,25,0,14:23,0,0,0,0,0,0
Adam Cracknell,RW,STL,1,1,0,1,-1,0,2,50,0,17:38,0,0,0,0,0,0
Jaden Schwartz,C,STL,1,1,0,1,0,0,6,16.7,0,0:00,0,0,0,0,0,0
Sebastian Wannstrom,RW,STL,1,1,0,1,1,0,2,50,0,12:28,0,0,0,0,0,0
Ondrej Palat,LW,TB,1,1,0,1,0,0,3,33.3,1,14:49,0,0,0,0,0,0
Richard Panik,RW,TB,1,1,0,1,1,0,1,100,0,15:04,1,0,0,0,0,0
Tom Pyatt,C,TB,1,1,0,1,-2,0,1,100,0,0:00,0,0,0,0,0,0
Steven Stamkos,C,TB,1,1,0,1,2,0,3,33.3,0,21:16,0,0,0,0,0,0
Troy Bodie,RW,TOR,1,1,0,1,0,0,3,33.3,0,0:00,0,0,0,0,0,0
Dave Bolland,C,TOR,2,1,0,1,1,0,5,20,1,16:33,0,0,0,0,0,0
Paul Ranger,D,TOR,2,1,0,1,2,2,3,33.3,1,18:19,0,0,0,0,0,0
Hunter Shinkaruk,C,VAN,2,1,0,1,0,0,3,33.3,0,34:02:00,0,0,0,0,0,0
John Carlson,D,WAS,1,1,0,1,2,0,4,25,0,28:16:00,1,0,0,0,0,0
Stanislav Galiev,RW,WAS,2,1,0,1,2,0,5,20,0,0:00,0,0,0,0,0,2
Jack Hillen,D,WAS,2,1,0,1,-2,0,4,25,0,0:00,0,0,0,0,0,0
Ryan Stoa,C,WAS,1,1,0,1,1,0,2,50,0,10:08,0,0,0,0,0,0
Joel Ward,RW,WAS,1,1,0,1,0,0,3,33.3,0,18:37,0,0,0,0,0,0
Casey Wellman,C,WAS,2,1,0,1,1,0,4,25,0,0:00,0,0,0,0,0,0
Tom Wilson,RW,WAS,2,1,0,1,-1,0,4,25,0,0:00,0,0,0,0,0,1
Michael Frolik,C,WPG,2,1,0,1,-2,0,6,16.7,0,39:25:00,1,0,0,0,0,0
Matt Halischuk,RW,WPG,2,1,0,1,1,0,3,33.3,0,29:32:00,0,0,0,0,0,0
Carl Klingberg,LW,WPG,1,1,0,1,1,0,1,100,0,11:34,0,0,0,0,0,0
Scott Kosmachuk,RW,WPG,1,1,0,1,0,0,4,25,0,0:00,0,0,0,0,0,0
Bryan Little,C,WPG,2,1,0,1,-1,0,6,16.7,0,39:46:00,0,0,0,0,0,0
Anthony Peluso,RW,WPG,3,1,0,1,-1,9,1,100,1,27:04:00,0,0,0,0,0,0
Nick Bonino,C,ANA,2,0,1,1,-3,0,5,0,0,37:57:00,0,1,0,0,0,0
Mark Fistric,D,ANA,2,0,1,1,-3,0,4,0,0,34:47:00,0,1,0,0,0,0
Peter Holland,C,ANA,2,0,1,1,-1,0,1,0,0,31:43:00,0,0,0,0,0,0
Patrick Maroon,LW,ANA,2,0,1,1,-2,0,7,0,0,24:50:00,0,1,0,0,0,0
Stefan Noesen,RW,ANA,2,0,1,1,2,0,4,0,0,21:23,0,0,0,0,0,0
Rickard Rakell,RW,ANA,2,0,1,1,-1,0,4,0,0,34:26:00,0,0,0,0,0,0
Shea Theodore,D,ANA,1,0,1,1,0,0,2,0,0,19:39,0,1,0,0,0,0
Chris Casto,D,BOS,1,0,1,1,0,0,2,0,0,0:00,0,0,0,0,0,0
Matt Lindblad,C,BOS,1,0,1,1,1,0,0,0,0,0:00,0,0,0,0,0,0
Bobby Robins,C,BOS,1,0,1,1,1,5,0,0,0,0:00,0,0,0,0,0,0
Reilly Smith,RW,BOS,1,0,1,1,1,0,1,0,0,0:00,0,0,0,0,0,1
Cody McCormick,C,BUF,1,0,1,1,1,24,1,0,0,5:22,0,0,0,0,0,0
Tyler Myers,D,BUF,2,0,1,1,2,2,2,0,0,45:36:00,0,0,0,0,0,0
Steve Ott,C,BUF,1,0,1,1,0,2,2,0,0,20:36,0,0,0,0,0,0
Kevin Porter,C,BUF,2,0,1,1,0,0,1,0,0,30:37:00,0,0,0,0,0,0
Mark Pysyk,D,BUF,2,0,1,1,4,0,4,0,0,40:49:00,0,0,0,0,0,0
Rasmus Ristolainen,D,BUF,2,0,1,1,-2,0,3,0,0,42:27:00,0,0,0,0,0,0
Corey Tropp,RW,BUF,2,0,1,1,2,0,1,0,0,31:42:00,0,0,0,0,0,0
Thomas Vanek,LW,BUF,2,0,1,1,1,0,1,0,0,35:19:00,0,0,0,0,0,0
Drayson Bowman,LW,CAR,1,0,1,1,1,0,1,0,0,17:00,0,0,0,0,0,0
Patrick Dwyer,RW,CAR,1,0,1,1,1,0,0,0,0,13:15,0,0,0,0,0,0
Kevin Westgarth,RW,CAR,1,0,1,1,0,2,0,0,0,8:28,0,0,0,0,0,0
Josh Anderson,RW,CLB,1,0,1,1,0,0,0,0,0,14:04,0,0,0,0,0,0
Michael Chaput,C,CLB,1,0,1,1,1,2,2,0,0,13:04,0,0,0,0,0,0
Cody Goloubef,D,CLB,2,0,1,1,0,8,0,0,0,36:34:00,0,0,0,0,0,0
David Savard,D,CLB,3,0,1,1,2,0,3,0,0,69:09:00,0,1,0,0,0,0
Jack Skille,RW,CLB,3,0,1,1,0,0,5,0,0,38:51:00,0,0,0,0,0,0
Chad Billins,D,CGY,1,0,1,1,-1,0,2,0,0,16:43,0,0,0,0,0,0
T.J. Brodie,D,CGY,3,0,1,1,0,2,5,0,0,0:00,0,0,0,0,0,0
Chris Butler,D,CGY,3,0,1,1,1,4,6,0,0,0:00,0,0,0,0,0,0
Ryan Culkin,D,CGY,2,0,1,1,0,2,0,0,0,0:00,0,0,0,0,0,0
Mark Cundari,D,CGY,2,0,1,1,1,0,2,0,0,0:00,0,0,0,1,0,0
Mark Giordano,D,CGY,2,0,1,1,0,0,1,0,0,20:40,0,0,0,0,0,0
Roman Horak,C,CGY,2,0,1,1,1,2,3,0,0,15:50,0,0,0,0,1,1
Jiri Hudler,LW,CGY,1,0,1,1,0,0,0,0,0,0:00,0,0,0,0,0,0
Tim Jackman,RW,CGY,2,0,1,1,1,4,3,0,0,15:37,0,0,0,0,0,0
Keegan Kanzig,D,CGY,1,0,1,1,0,0,0,0,0,0:00,0,0,0,0,0,0
Shane O'Brien,D,CGY,3,0,1,1,1,15,5,0,0,0:00,0,0,0,0,0,0
Kris Russell,D,CGY,2,0,1,1,1,0,2,0,0,20:16,0,0,0,0,0,0
Tyler Wotherspoon,D,CGY,2,0,1,1,2,2,1,0,0,0:00,0,0,0,0,0,0
Sheldon Brookbank,D,CHI,2,0,1,1,2,7,6,0,0,39:47:00,0,0,0,0,0,0
Ryan Hartman,RW,CHI,1,0,1,1,-1,0,1,0,0,9:25,0,0,0,0,0,0
Jimmy Hayes,RW,CHI,2,0,1,1,1,0,2,0,0,25:42:00,0,0,0,0,0,0
Marcus Kruger,C,CHI,2,0,1,1,1,2,3,0,0,26:47:00,0,0,0,0,0,0
Drew LeBlanc,C,CHI,2,0,1,1,1,0,1,0,0,29:00:00,0,0,0,0,0,1
Jeremy Morin,LW,CHI,1,0,1,1,1,0,1,0,0,12:21,0,0,0,0,0,0
Brent Seabrook,D,CHI,1,0,1,1,2,0,3,0,0,24:10:00,0,0,0,0,0,0
Gabriel Landeskog,LW,COL,1,0,1,1,1,2,7,0,0,17:58,0,0,0,0,0,0
Alex Tanguay,LW,COL,1,0,1,1,1,2,1,0,0,19:31,0,0,0,0,0,0
Luke Gazdic,LW,DAL,2,0,1,1,1,0,1,0,0,17:02,0,0,0,0,0,0
Sergei Gonchar,D,DAL,1,0,1,1,0,2,2,0,0,23:43,0,0,0,0,0,0
Shawn Horcoff,C,DAL,1,0,1,1,-1,0,0,0,0,18:14,0,1,0,0,0,0
Jamie Oleksiak,D,DAL,2,0,1,1,1,7,3,0,0,36:17:00,0,0,0,0,0,0
Ray Whitney,LW,DAL,1,0,1,1,1,0,2,0,0,16:12,0,0,0,0,0,0
Jonathan Ericsson,D,DET,2,0,1,1,0,2,2,0,0,52:06:00,0,0,0,0,0,0
Landon Ferraro,C,DET,1,0,1,1,1,0,1,0,0,11:51,0,0,0,0,0,0
Luke Glendening,F,DET,2,0,1,1,2,0,4,0,0,28:47:00,0,0,0,0,0,0
Niklas Kronwall,D,DET,2,0,1,1,-1,2,0,0,0,46:35:00,0,1,0,0,0,0
Brian Lashoff,D,DET,2,0,1,1,1,0,1,0,0,32:04:00,0,0,0,0,0,0
Gustav Nyquist,C,DET,2,0,1,1,1,0,3,0,0,28:41:00,0,0,0,0,0,0
Mikael Samuelsson,RW,DET,2,0,1,1,1,0,6,0,0,27:23:00,0,1,0,0,0,0
Mike Brown,RW,EDM,2,0,1,1,-1,0,1,0,0,11:20,0,0,0,0,0,0
Brandon Davidson,D,EDM,2,0,1,1,-2,2,1,0,0,15:57,0,0,0,0,0,0
Denis Grebeshkov,D,EDM,2,0,1,1,2,0,0,0,0,20:06,0,1,0,0,0,0
Ryan Hamilton,LW,EDM,2,0,1,1,-2,0,1,0,0,14:42,0,0,0,0,0,0
Ales Hemsky,RW,EDM,2,0,1,1,0,0,1,0,0,16:05,0,0,0,0,0,0
Ryan Martindale,C,EDM,2,0,1,1,1,0,1,0,0,9:49,0,0,0,0,0,0
David Musil,D,EDM,1,0,1,1,0,0,0,0,0,0:00,0,1,0,0,0,0
Darnell Nurse,D,EDM,2,0,1,1,0,0,1,0,0,22:58,0,0,0,0,0,0
Linus Omark,LW,EDM,2,0,1,1,1,4,1,0,0,15:38,0,0,0,0,0,1
Jeff Petry,D,EDM,2,0,1,1,0,2,1,0,0,24:05:00,0,1,0,0,0,0
Justin Schultz,D,EDM,2,0,1,1,1,0,1,0,0,23:56,0,0,0,0,0,0
Aleksander Barkov,C,FLA,2,0,1,1,-1,2,1,0,0,38:12:00,0,1,0,0,0,1
Brian Campbell,D,FLA,1,0,1,1,2,0,2,0,0,25:50:00,0,0,0,0,0,0
Marcel Goc,C,FLA,1,0,1,1,0,0,1,0,0,16:10,0,0,0,0,0,0
Scott Gomez,C,FLA,2,0,1,1,-1,2,5,0,0,26:28:00,0,0,0,0,0,0
Jon Matsumoto,C,FLA,1,0,1,1,0,0,1,0,0,12:13,0,1,0,0,0,0
Jed Ortmeyer,RW,FLA,1,0,1,1,1,0,0,0,0,11:16,0,0,0,0,0,0
Colby Robak,D,FLA,1,0,1,1,1,0,2,0,0,22:16,0,1,0,0,0,0
Mackenzie Weegar,D,FLA,1,0,1,1,-1,0,1,0,0,26:19:00,0,1,0,0,0,0
Garrett Wilson,LW,FLA,2,0,1,1,1,11,4,0,0,24:48:00,0,0,0,0,0,0
Jesse Winchester,C,FLA,2,0,1,1,0,2,4,0,0,26:55:00,0,0,0,0,0,0
Andy Andreoff,C,LA,1,0,1,1,2,0,2,0,0,10:50,0,0,0,0,0,0
Jake Muzzin,D,LA,2,0,1,1,2,2,3,0,0,44:10:00,0,0,0,0,0,0
Mike Richards,C,LA,2,0,1,1,1,0,2,0,0,32:06:00,0,0,0,0,0,0
Jeff Schultz,D,LA,2,0,1,1,4,2,2,0,0,45:10:00,0,0,0,0,0,0
Linden Vey,RW,LA,2,0,1,1,0,0,3,0,0,25:47:00,0,0,0,0,0,0
Kyle Brodziak,C,MIN,2,0,1,1,0,0,3,0,0,32:52:00,0,0,0,0,0,0
Erik Haula,LW,MIN,1,0,1,1,1,0,5,0,0,13:09,0,0,0,0,0,0
Dany Heatley,RW,MIN,1,0,1,1,0,2,1,0,0,17:40,0,0,0,0,0,0
Torrey Mitchell,C,MIN,2,0,1,1,1,0,5,0,0,28:19:00,0,0,0,0,0,0
Daniel Briere,C,MON,1,0,1,1,0,0,1,0,0,17:14,0,1,0,0,0,0
Louis Leblanc,C,MON,1,0,1,1,1,2,2,0,0,14:44,0,0,0,0,0,0
Peter Harrold,D,NJ,1,0,1,1,0,2,1,0,0,16:22,0,0,0,0,0,0
Adam Henrique,C,NJ,1,0,1,1,1,2,3,0,0,17:50,0,0,0,0,0,0
Michael Ryder,RW,NJ,1,0,1,1,0,0,3,0,0,20:55,0,0,0,0,0,0
Bryce Salvador,D,NJ,1,0,1,1,0,0,0,0,0,16:23,0,0,0,0,0,0
Alexander Urbom,D,NJ,1,0,1,1,1,0,0,0,0,21:55,0,0,0,0,0,0
Travis Zajac,C,NJ,2,0,1,1,-2,0,2,0,0,35:15:00,0,0,0,0,0,0
Taylor Beck,LW,NSH,2,0,1,1,0,0,3,0,0,31:28:00,0,0,0,0,0,0
Mike Fisher,C,NSH,2,0,1,1,0,2,4,0,0,34:56:00,0,0,0,0,0,0
Scott Ford,D,NSH,1,0,1,1,0,0,0,0,0,16:54,0,0,0,0,0,0
Paul Gaustad,C,NSH,1,0,1,1,1,4,2,0,0,14:58,0,0,0,0,0,0
Patric Hornqvist,RW,NSH,1,0,1,1,1,2,2,0,0,15:22,0,0,0,0,0,0
David Legwand,C,NSH,1,0,1,1,-1,0,2,0,0,21:20,0,0,0,0,0,0
Chris Bruton,RW,NYI,1,0,1,1,1,5,2,0,0,14:10,0,0,0,0,0,0
Cal Clutterbuck,RW,NYI,1,0,1,1,1,2,0,0,0,12:38,0,0,0,0,0,0
Matt Donovan,D,NYI,1,0,1,1,1,0,2,0,0,22:30,0,0,0,0,0,0
Colin McDonald,RW,NYI,1,0,1,1,-1,0,2,0,0,0:00,0,1,0,0,0,0
Brock Nelson,C,NYI,2,0,1,1,-1,2,0,0,0,16:07,0,1,0,0,0,0
John Persson,LW,NYI,1,0,1,1,1,0,2,0,0,13:38,0,0,0,0,0,0
Ryan Strome,C,NYI,2,0,1,1,-2,0,4,0,0,11:42,0,1,0,0,0,0
Lubomir Visnovsky,D,NYI,1,0,1,1,0,0,4,0,0,0:00,0,1,0,0,0,0
Conor Allen,D,NYR,1,0,1,1,2,0,0,0,0,20:27,0,0,0,0,0,0
Marek Hrivik,LW,NYR,1,0,1,1,1,0,1,0,0,15:15,0,0,0,0,0,0
Danny Kristo,RW,NYR,1,0,1,1,1,2,2,0,0,17:24,0,0,0,0,0,0
Dylan McIlrath,D,NYR,1,0,1,1,-1,0,1,0,0,11:31,0,0,0,0,0,0
Anton Stralman,D,NYR,1,0,1,1,2,0,4,0,0,25:34:00,0,0,0,0,0,0
Andrew Yogan,C,NYR,1,0,1,1,-1,0,2,0,0,10:29,0,0,0,0,0,0
Mats Zuccarello,RW,NYR,1,0,1,1,2,0,3,0,0,14:58,0,0,0,0,0,0
Stephane Da Costa,C,OTT,2,0,1,1,0,0,8,0,0,14:10,0,0,0,0,0,0
David Dziurzynski,LW,OTT,2,0,1,1,1,0,0,0,0,13:33,0,0,0,1,0,0
Mike Hoffman,LW,OTT,1,0,1,1,2,0,2,0,0,0:00,0,0,0,0,0,0
Jim O'Brien,C,OTT,2,0,1,1,0,2,3,0,0,13:32,0,0,0,0,0,0
Michael Sdao,D,OTT,2,0,1,1,2,19,2,0,0,16:49,0,0,0,0,0,0
Jason Spezza,C,OTT,2,0,1,1,1,0,5,0,0,38:25:00,0,1,0,0,0,0
Kyle Turris,C,OTT,1,0,1,1,2,0,3,0,0,0:00,0,0,0,0,0,0
Rob Bordson,C,PHI,2,0,1,1,1,0,1,0,0,11:14,0,0,0,0,0,0
Tyler Brown,LW,PHI,1,0,1,1,1,0,1,0,0,11:07,0,0,0,0,0,0
Erik Gustafsson,D,PHI,2,0,1,1,0,0,6,0,0,21:47,0,0,0,0,0,0
Samuel Morin,D,PHI,2,0,1,1,-1,4,3,0,0,45:36:00,0,1,0,0,0,0
Kris Newbury,C,PHI,2,0,1,1,1,9,1,0,0,17:47,0,0,0,0,0,0
Zac Rinaldo,C,PHI,1,0,1,1,0,0,2,0,0,0:00,0,0,0,0,0,0
Max Domi,C,PHO,1,0,1,1,1,0,0,0,0,19:07,0,0,0,1,0,0
Martin Hanzal,C,PHO,1,0,1,1,1,4,4,0,0,12:52,0,0,0,1,0,0
Brandon McMillan,C,PHO,1,0,1,1,0,0,1,0,0,11:34,0,0,0,1,0,0
Radim Vrbata,RW,PHO,1,0,1,1,0,0,1,0,0,12:18,0,1,0,0,0,0
Ethan Werek,C,PHO,1,0,1,1,-1,0,2,0,0,12:23,0,1,0,0,0,0
Beau Bennett,RW,PIT,2,0,1,1,1,0,3,0,0,34:33:00,0,0,0,0,1,1
Chris Conner,RW,PIT,1,0,1,1,0,0,1,0,0,10:49,0,0,0,0,0,0
Brian Dumoulin,D,PIT,1,0,1,1,1,0,0,0,0,18:42,0,1,0,0,0,0
Deryk Engelland,D,PIT,2,0,1,1,-2,4,3,0,0,34:53:00,0,0,0,0,0,0
Paul Martin,D,PIT,1,0,1,1,0,0,2,0,0,24:48:00,0,0,0,0,0,0
Matt Niskanen,D,PIT,2,0,1,1,-1,0,6,0,0,48:00:00,0,1,0,0,0,0
Scott Hannan,D,SJ,1,0,1,1,1,2,0,0,0,21:29,0,0,0,0,0,0
Tomas Hertl,C,SJ,1,0,1,1,0,2,4,0,0,18:35,0,0,0,0,0,0
Matt Irwin,D,SJ,1,0,1,1,0,0,2,0,0,22:20,0,1,0,0,0,0
Brodie Reid,RW,SJ,1,0,1,1,1,0,0,0,0,12:48,0,0,0,0,0,0
Keith Aucoin,C,STL,1,0,1,1,-1,0,1,0,0,14:00,0,0,0,0,0,0
Pat Cannone,C,STL,1,0,1,1,1,0,2,0,0,0:00,0,0,0,0,0,0
Taylor Chorney,D,STL,1,0,1,1,1,0,3,0,0,0:00,0,0,0,0,0,0
Ian Cole,D,STL,2,0,1,1,0,7,2,0,0,15:05,0,0,0,0,0,0
Jani Hakanpaa,D,STL,2,0,1,1,2,4,2,0,0,18:31,0,0,0,0,0,0
Christian Hanson,C,STL,1,0,1,1,2,0,2,0,0,0:00,0,0,0,0,0,0
Roman Polak,D,STL,1,0,1,1,-1,0,3,0,0,21:54,0,1,0,0,0,0
Ty Rattie,RW,STL,1,0,1,1,1,0,3,0,0,0:00,0,0,0,0,0,1
Mark Barberio,D,TB,1,0,1,1,0,2,0,0,0,0:00,0,1,0,0,0,0
Matt Carle,D,TB,1,0,1,1,0,0,4,0,0,0:00,0,0,0,0,0,0
Valtteri Filppula,C,TB,1,0,1,1,0,2,0,0,0,0:00,0,1,0,0,1,1
Nikita Kucherov,RW,TB,1,0,1,1,-1,2,0,0,0,11:45,0,1,0,0,0,0
Ryan Malone,LW,TB,1,0,1,1,2,0,3,0,0,17:22,0,0,0,0,0,0
Cedric Paquette,C,TB,1,0,1,1,0,0,1,0,0,0:00,0,1,0,0,0,0
Andrej Sustr,D,TB,1,0,1,1,0,0,2,0,0,20:37,0,0,0,0,0,0
Matt Taormina,D,TB,1,0,1,1,1,0,1,0,0,20:13,0,1,0,0,0,0
Luke Witkowski,D,TB,1,0,1,1,2,2,0,0,0,18:37,0,0,0,0,0,0
Spencer Abbott,RW,TOR,2,0,1,1,1,0,6,0,0,15:14,0,0,0,0,0,0
David Broll,LW,TOR,2,0,1,1,0,7,2,0,0,10:29,0,0,0,0,0,0
Mark Fraser,D,TOR,1,0,1,1,-1,0,0,0,0,22:40,0,0,0,0,0,0
Frederik Gauthier,C,TOR,1,0,1,1,0,0,0,0,0,0:00,0,0,0,0,0,0
Andrew MacWilliam,D,TOR,2,0,1,1,-1,4,2,0,0,20:02,0,0,0,0,0,0
Stuart Percy,D,TOR,1,0,1,1,0,0,3,0,0,22:12,0,1,0,0,0,0
Morgan Rielly,D,TOR,3,0,1,1,2,0,6,0,0,41:33:00,0,0,0,0,0,1
Trevor Smith,LW,TOR,1,0,1,1,1,0,2,0,0,18:13,0,0,0,0,0,0
Brandon DeFazio,LW,VAN,1,0,1,1,1,0,3,0,0,12:24,0,0,0,0,0,0
Mike Santorelli,C,VAN,1,0,1,1,1,0,0,0,0,13:30,0,0,0,0,0,0
Yannick Weber,D,VAN,1,0,1,1,1,0,1,0,0,24:15:00,0,0,0,0,0,0
Dale Weise,RW,VAN,1,0,1,1,0,4,2,0,0,11:50,0,0,0,0,0,0
Nicklas Backstrom,C,WAS,2,0,1,1,-2,0,2,0,0,0:00,0,1,0,0,0,2
Connor Carrick,D,WAS,1,0,1,1,1,2,1,0,0,0:00,0,0,0,0,0,0
Jason Chimera,LW,WAS,1,0,1,1,1,2,1,0,0,18:36,0,0,0,0,0,1
Marcus Johansson,C,WAS,2,0,1,1,-1,0,4,0,0,0:00,0,1,0,0,0,1
Steven Oleksy,D,WAS,2,0,1,1,1,0,0,0,0,0:00,0,0,0,0,0,1
Mathieu Perreault,C,WAS,1,0,1,1,-1,0,6,0,0,22:28,0,1,0,0,0,0
Cameron Schilling,D,WAS,1,0,1,1,2,0,0,0,0,0:00,0,0,0,0,0,0
Nate Schmidt,D,WAS,2,0,1,1,0,0,2,0,0,0:00,0,0,0,0,0,0
Andrew Ladd,LW,WPG,2,0,1,1,-1,0,3,0,0,39:24:00,0,0,0,0,0,0
Julian Melchiori,D,WPG,2,0,1,1,5,2,1,0,0,17:37,0,0,0,0,0,0
Eric O'Dell,C,WPG,2,0,1,1,1,2,2,0,0,29:51:00,0,0,0,0,0,0
Nicolas Petan,C,WPG,1,0,1,1,-1,0,1,0,0,0:00,0,0,0,0,0,1
Mark Scheifele,C,WPG,3,0,1,1,0,2,7,0,0,37:17:00,0,0,0,0,0,1
Jim Slater,C,WPG,2,0,1,1,1,2,3,0,0,13:02,0,0,0,0,0,0
Ivan Telegin,LW,WPG,2,0,1,1,0,0,0,0,0,18:06,0,0,0,0,0,0
Jacob Trouba,D,WPG,2,0,1,1,5,0,2,0,0,19:42,0,1,0,0,0,0
