 Martin St. Louis,TAM,47,58
 Sidney Crosby,PIT,36,56
 Steven Stamkos,TAM,47,56
 Alex Ovechkin,WAS,47,54
 Patrick Kane,CHI,46,54
 Eric Staal,CAR,47,51
 Phil Kessel,TOR,47,51
 Chris Kunitz,PIT,47,50
 Nicklas Backstrom,WAS,47,48
 John Tavares,NYI,47,47
 Jonathan Toews,CHI,46,47
 Ryan Getzlaf,ANA,43,47
 Claude Giroux,PHI,47,47
 Mike Ribeiro,WAS,47,47
 Andrew Ladd,WPG,48,46
 Pavel Datsyuk,DET,46,46
 Henrik Sedin,VAN,47,45
 Taylor Hall,EDM,43,45
 Henrik Zetterberg,DET,45,45
 Jakub Voracek,PHI,47,45
 Matt Moulson,NYI,46,44
 Alexander Semin,CAR,44,44
 Nazem Kadri,TOR,47,44
 Derek Stepan,NYR,47,42
 P.A. Parenteau,COL,46,41
 Anze Kopitar,LOS,46,41
 Blake Wheeler,WPG,48,41
 Daniel Sedin,VAN,47,40
 Rick Nash,NYR,43,40
 Thomas Vanek,BUF,37,40
 Joe Thornton,SAN,47,40
 Matt Duchene,COL,45,40
 Max Pacioretty,MON,43,39
 P.K. Subban,MON,41,38
 Pascal Dupuis,PIT,47,37
 Jiri Tlusty,CAR,47,37
 Zach Parise,MIN,46,37
 Logan Couture,SAN,47,36
 Chris Stewart,STL,47,36
 Corey Perry,ANA,43,36
 Brad Marchand,BOS,43,36
 Kris Letang,PIT,34,36
 Patrik Elias,NJD,47,36
 Michael Ryder,MON,45,35
 Brad Boyes,NYI,47,35
 Sam Gagner,EDM,46,35
 Mikko Koivu,MIN,46,35
 Jaromir Jagr,BOS,45,35
 Teddy Purcell,TAM,47,35
 Jason Pominville,MIN,47,34
 Cody Hodgson,BUF,47,34
 Evander Kane,WPG,48,33
 Jamie Benn,DAL,40,33
 Jeff Carter,LOS,47,33
 Tomas Fleischmann,FLA,47,33
 Tyler Seguin,BOS,46,32
 Ryan Suter,MIN,46,32
 Patrice Bergeron,BOS,40,32
 Tomas Plekanec,MON,46,32
 Jordan Eberle,EDM,46,32
 David Krejci,BOS,45,32
 Wayne Simmonds,PHI,44,32
 Troy Brouwer,WAS,46,32
 James van Riemsdyk,TOR,47,32
 James Neal,PIT,39,32
 Brad Richards,NYR,45,32
 Michael Cammalleri,CGY,43,32
 Mike Richards,LOS,47,32
 Bryan Little,WPG,48,32
 Patrick Marleau,SAN,47,31
 Ilya Kovalchuk,NJD,36,31
 Tyler Ennis,BUF,46,31
 Johan Franzen,DET,40,31
 Vincent Lecavalier,TAM,38,31
 Jarome Iginla,PIT,43,31
 Lee Stempniak,CGY,46,31
 Justin Williams,LOS,47,31
 Joe Pavelski,SAN,47,30
 Jordan Staal,CAR,47,30
 Evgeni Malkin,PIT,30,30
 Marian Hossa,CHI,39,30
 Derick Brassard,NYR,46,29
 Niklas Kronwall,DET,47,29
 Bobby Ryan,ANA,45,29
 Loui Eriksson,DAL,47,29
 Ray Whitney,DAL,31,29
 Vinny Prospal,COB,47,29
 Ryan Callahan,NYR,44,29
 Frans Nielsen,NYI,47,29
 Dustin Brown,LOS,46,29
 Kimmo Timonen,PHI,45,29
 Jonathan Huberdeau,FLA,47,28
 Tyler Bozak,TOR,46,28
 Andrei Markov,MON,47,28
 Cory Conacher,OTT,45,28
 Dustin Byfuglien,WPG,43,28
 David Desharnais,MON,47,28
 Cody Franson,TOR,44,28
 Dion Phaneuf,TOR,47,27
 Derek Roy,VAN,41,27
 Jiri Hudler,CGY,42,27
 Mark Letestu,COB,45,27
 Shea Weber,NAS,47,27
 Alex Goligoski,DAL,46,27
 Alexander Steen,STL,39,27
 Saku Koivu,ANA,46,27
 Brian Campbell,FLA,47,27
 Tomas Kopecky,FLA,46,27
 Lars Eller,MON,45,27
 Alex Tanguay,CGY,40,27
 Mark Streit,NYI,47,27
 Brendan Gallagher,MON,43,26
 Kyle Turris,OTT,46,26
 Devin Setoguchi,MIN,46,26
 Marian Gaborik,COB,46,26
 Sergei Gonchar,OTT,43,26
 David Backes,STL,47,26
 Matt Cullen,MIN,40,26
 Brayden Schenn,PHI,46,26
 Duncan Keith,CHI,46,26
 Alex Galchenyuk,MON,47,26
 Brandon Saad,CHI,45,26
 Curtis Glencross,CGY,40,26
 Nail Yakupov,EDM,46,26
 Jannik Hansen,VAN,46,26
 Damien Brunner,DET,43,26
 Shane Doan,PHO,46,26
 Brian Gionta,MON,47,26
 David Perron,STL,47,25
 Mikkel Boedker,PHO,46,25
 Keith Yandle,PHO,46,25
 Daniel Alfredsson,OTT,45,25
 Milan Lucic,BOS,44,24
 Carl Hagelin,NYR,47,24
 David Legwand,NAS,47,24
 Alexandre Burrows,VAN,47,24
 Dan Hamhuis,VAN,47,24
 Jeff Skinner,CAR,41,24
 Alex Pietrangelo,STL,46,24
 Patrik Berglund,STL,47,24
 Cody Eakin,DAL,47,24
 Slava Voynov,LOS,47,24
 Ryan Nugent-Hopkins,EDM,40,24
 David Clarkson,NJD,47,24
 Kyle Okposo,NYI,47,24
 Radim Vrbata,PHO,32,24
 Steve Ott,BUF,47,24
 Martin Erat,WAS,44,24
 Matt Read,PHI,41,24
 Teemu Selanne,ANA,45,23
 Viktor Stalberg,CHI,46,23
 Nikolai Kulemin,TOR,47,23
 Kevin Shattenkirk,STL,47,23
 Brenden Morrow,PIT,43,23
 Paul Stastny,COL,38,23
 Bryan Bickell,CHI,46,23
 Francois Beauchemin,ANA,47,23
 Justin Schultz,EDM,46,23
 Mike Green,WAS,34,23
 Andrew Cogliano,ANA,47,23
 Oliver Ekman-Larsson,PHO,46,23
 Matt Stajan,CGY,42,23
 Marcus Johansson,WAS,33,22
 Jay Bouwmeester,STL,46,22
 Drew Doughty,LOS,47,22
 Dennis Wideman,CGY,45,22
 Christian Ehrhoff,BUF,46,22
 Fedor Tyutin,COB,47,22
 John Carlson,WAS,47,22
 Alexander Edler,VAN,45,22
 Nathan Horton,BOS,43,22
 Jamie McGinn,COL,45,22
 Shawn Matthias,FLA,47,21
 Martin Hanzal,PHO,37,21
 Michael Del Zotto,NYR,45,21
 Kyle Palmieri,ANA,42,21
 Mike Fisher,NAS,37,21
 Mason Raymond,VAN,45,21
 Dany Heatley,MIN,36,21
 Matt Carle,TAM,47,21
 Michael Grabner,NYI,44,21
 Paul Martin,PIT,33,21
 David Moss,PHO,44,20
 Andy McDonald,STL,36,20
 Benoit Pouliot,TAM,33,20
 Mika Zibanejad,OTT,40,20
 Dan Boyle,SAN,45,20
 T.J. Oshie,STL,30,20
 Travis Zajac,NJD,47,20
 Brent Seabrook,CHI,45,20
 Ales Hemsky,EDM,38,20
 Clarke MacArthur,TOR,39,20
 Joel Ward,WAS,39,20
 Jussi Jokinen,PIT,42,20
 Matt Cooke,PIT,47,19
 Victor Hedman,TAM,43,19
 Patrick Sharp,CHI,27,19
 Alex Killorn,TAM,37,19
 Marek Zidlicky,NJD,47,19
 Josh Bailey,NYI,37,19
 Zdeno Chara,BOS,46,19
 Ryane Clowe,NYR,40,19
 Daniel Winnik,ANA,47,19
 Ryan McDonagh,NYR,46,19
 Pierre-Marc Bouchard,MIN,41,19
 Colin Wilson,NAS,25,19
 Vladimir Sobotka,STL,47,19
 Nick Foligno,COB,44,19
 Jakob Silfverberg,OTT,46,19
 Patrick Wiercioch,OTT,41,19
 John Mitchell,COL,45,19
 Brent Burns,SAN,29,18
 Nick Leddy,CHI,46,18
 Drew Stafford,BUF,45,18
 Nik Antropov,WPG,40,18
 Roman Josi,NAS,47,18
 Vladimir Tarasenko,STL,37,18
 Brandon Sutter,PIT,47,18
 Brandon Dubinsky,COB,28,18
 Marcel Goc,FLA,41,18
 R.J. Umberger,COB,47,18
 Antoine Vermette,PHO,46,18
 Artem Anisimov,COB,34,18
 Martin Havlat,SAN,40,18
 Colin Greening,OTT,45,18
 Jarret Stoll,LOS,47,18
 Jack Johnson,COB,43,18
 Raffi Torres,SAN,38,18
 Ryan O'Reilly,COL,27,18
 Joffrey Lupul,TOR,15,18
 Marcus Foligno,BUF,46,18
 Colin McDonald,NYI,44,17
 Roman Cervenka,CGY,38,17
 Daniel Paille,BOS,44,17
 Valtteri Filppula,DET,40,17
 Jay McClement,TOR,47,17
 Steve Sullivan,NJD,41,17
 Joe Corvo,CAR,39,17
 Sheldon Souray,ANA,43,17
 Sami Salo,TAM,45,17
 Peter Mueller,FLA,42,17
 Mathieu Perreault,WAS,38,17
 Vernon Fiddler,DAL,45,17
 Cam Atkinson,COB,34,16
 Mikhail Grabovski,TOR,47,16
 Jason Garrison,VAN,47,16
 Gabriel Landeskog,COL,34,16
 Adam Henrique,NJD,41,16
 Mikael Backlund,CGY,31,16
 Dougie Hamilton,BOS,42,16
 Eric Fehr,WAS,40,16
 Rich Peverley,BOS,45,16
 Andy Greene,NJD,47,16
 Gabriel Bourque,NAS,34,16
 Jake Muzzin,LOS,44,16
 Matt Calvert,COB,42,16
 Tom Pyatt,TAM,42,16
 Danny Briere,PHI,33,16
 Simon Gagne,PHI,37,16
 Grant Clitsome,WPG,44,16
 Ryan Carter,NJD,43,15
 Scott Gomez,SAN,39,15
 Patrick Dwyer,CAR,45,15
 Tobias Enstrom,WPG,22,15
 Mark Giordano,CGY,46,15
 Nate Thompson,TAM,44,15
 Zack Smith,OTT,46,15
 Daniel Cleary,DET,47,15
 Sean Couturier,PHI,45,15
 Carl Gunnarsson,TOR,36,15
 Sergei Kostitsyn,NAS,45,15
 Steve Bernier,NJD,46,15
 Justin Faulk,CAR,37,15
 Andrew Shaw,CHI,46,15
 Dennis Seidenberg,BOS,44,15
 Casey Cizikas,NYI,44,15
 Chris Higgins,VAN,40,15
 Kyle Wellwood,WPG,39,15
 Magnus Paajarvi,EDM,40,14
 Milan Michalek,OTT,21,14
 Dan Girardi,NYR,45,14
 Kevin Klein,NAS,46,14
 Jason Chimera,WAS,46,14
 Olli Jokinen,WPG,45,14
 Antoine Roussel,DAL,38,14
 Raphael Diaz,MON,22,14
 James Wisniewski,COB,29,14
 Jochen Hecht,BUF,46,14
 Stephen Gionta,NJD,47,14
 Lubomir Visnovsky,NYI,35,14
 Dave Bolland,CHI,35,14
 Zach Bogosian,WPG,33,14
 Trevor Lewis,LOS,47,14
 Matt Niskanen,PIT,39,14
 T.J. Brodie,CGY,46,14
 Jared Spurgeon,MIN,37,14
 Beau Bennett,PIT,26,14
 Patric Hornqvist,NAS,24,14
 Matt Beleskey,ANA,42,13
 Tommy Wingels,SAN,41,13
 Jakub Kindl,DET,40,13
 Boyd Gordon,PHO,46,13
 Trevor Daley,DAL,44,13
 Gregory Campbell,BOS,46,13
 Kyle Clifford,LOS,47,13
 Stephane Robidas,DAL,47,13
 Ryan Whitney,EDM,34,13
 Brandon Prust,MON,37,13
 Nick Spaling,NAS,46,13
 Ron Hainsey,WPG,47,13
 Erik Cole,DAL,46,13
 Rene Bourque,MON,26,13
 Chris Phillips,OTT,46,13
 Ryan Kesler,VAN,16,13
 Dustin Penner,LOS,32,13
 Ruslan Fedotenko,PHI,47,13
 Matt Frattin,TOR,25,13
 T.J. Galiardi,SAN,35,12
 Jonathan Ericsson,DET,44,12
 Jeff Petry,EDM,46,12
 Kyle Brodziak,MIN,46,12
 Chris Neil,OTT,46,12
 Barret Jackman,STL,46,12
 Andrej Sekera,BUF,36,12
 Shawn Horcoff,EDM,29,12
 Matt Irwin,SAN,37,12
 Marcus Kruger,CHI,46,12
 Ryan Johansen,COB,39,12
 Justin Abdelkader,DET,47,12
 Eric Brewer,TAM,47,12
 Jack Skille,FLA,40,12
 Tyson Barrie,COL,30,12
 Craig Smith,NAS,43,12
 Alexei Emelin,MON,38,12
 Erik Karlsson,OTT,15,12
 Cody McLeod,COL,46,12
 Tom Gilbert,MIN,41,12
 Kyle Chipchura,PHO,44,12
 Charlie Coyle,MIN,35,12
 Andrew Ference,BOS,46,12
 Nick Bonino,ANA,26,12
 Drew Shore,FLA,42,12
 Johnny Oduya,CHI,46,12
 Andrei Loktionov,NJD,28,12
 Michal Rozsival,CHI,25,12
 Jonas Brodin,MIN,43,11
 Tyler Kennedy,PIT,45,11
 Jaden Schwartz,STL,44,11
 Scott Hartnell,PHI,31,11
 Andrew MacDonald,NYI,47,11
 Rob Scuderi,LOS,47,11
 Luke Schenn,PHI,46,11
 Matt Martin,NYI,47,11
 Marc Staal,NYR,21,11
 Taylor Pyatt,NYR,47,11
 Erik Condra,OTT,46,11
 Derek Morris,PHO,39,11
 John-Michael Liles,TOR,31,11
 Lauri Korpikoski,PHO,34,11
 Milan Hejduk,COL,28,11
 Matt Halischuk,NAS,36,11
 Keith Aucoin,NYI,40,11
 Kevin Bieksa,VAN,35,11
 Eric Nystrom,DAL,47,11
 Bobby Butler,NAS,33,11
 Blake Comeau,COB,41,11
 Nathan Gerbe,BUF,41,10
 Jordan Leopold,STL,38,10
 Ryan Garbutt,DAL,35,10
 Brian Flynn,BUF,25,10
 Ben Lovejoy,ANA,34,10
 Ryan Smyth,EDM,45,10
 Michael Frolik,CHI,43,10
 Rob Klinkhammer,PHO,20,10
 Niklas Hjalmarsson,CHI,46,10
 Max Talbot,PHI,35,10
 Sven Baertschi,CGY,20,10
 Zack Kassian,VAN,38,10
 Dwight King,LOS,46,10
 Maxim Lapierre,VAN,47,10
 Dmitry Kulikov,FLA,34,10
 Guillaume Latendresse,OTT,26,10
 Emerson Etem,ANA,38,10
 Alex Burmistrov,WPG,44,10
 Marc Methot,OTT,45,10
 Cam Fowler,ANA,36,10
 Clayton Stoner,MIN,46,10
 Travis Hamonic,NYI,47,10
 Jan Hejda,COL,44,10
 Jay Harrison,CAR,47,10
 Andre Benoit,OTT,33,10
 David Jones,COL,33,9
 Derek Dorsett,NYR,24,9
 Cal Clutterbuck,MIN,40,9
 Richard Clune,NAS,46,9
 Steve Oleksy,WAS,27,9
 T.J. Brennan,FLA,28,9
 Richard Panik,TAM,25,9
 Joni Pitkanen,CAR,22,9
 Nikita Nikitin,COB,38,9
 Filip Kuba,FLA,43,9
 Jordan Schroeder,VAN,31,9
 Riley Nash,CAR,32,9
 Francis Bouillon,MON,47,9
 Mike Weaver,FLA,26,9
 Tim Gleason,CAR,41,9
 Lennart Petrell,EDM,35,9
 Craig Adams,PIT,47,9
 Alexei Ponikarovsky,NJD,41,9
 Marc-Andre Bergeron,CAR,24,9
 Chuck Kobasew,COL,35,9
 Chris Kelly,BOS,32,9
 Aaron Palushaj,COL,25,9
 Paul Postma,WPG,34,9
 Kevin Porter,BUF,30,9
 Leo Komarov,TOR,41,9
 Reilly Smith,DAL,36,9
 Jack Hillen,WAS,22,9
 Dainius Zubrus,NJD,21,9
 Wojtek Wolski,WAS,27,9
 Chris Porter,STL,28,8
 Mike Kostka,TOR,34,8
 Brenden Dillon,DAL,47,8
 Matt Hendricks,WAS,47,8
 Brendan Smith,DET,33,8
 Jay Beagle,WAS,47,8
 Mike Knuble,PHI,27,8
 Joakim Andersson,DET,37,8
 Tyler Myers,BUF,39,8
 Brandon Yip,NAS,34,8
 Michael Stone,PHO,38,8
 Mikael Granlund,MIN,27,8
 Luca Sbisa,ANA,41,8
 Cory Emmerton,DET,47,8
 Patrick Eaves,DET,33,8
 Steve Begin,CGY,36,8
 Jordin Tootoo,DET,41,8
 Mark Fraser,TOR,44,8
 B.J. Crombeen,TAM,43,8
 Derek MacKenzie,COB,42,8
 Josh Gorges,MON,47,8
 Michal Handzus,CHI,38,8
 Matthew Lombardi,ANA,28,8
 Tuomo Ruutu,CAR,16,8
 Rostislav Klesla,PHO,36,8
 Torrey Mitchell,MIN,43,8
 Brooks Orpik,PIT,46,8
 Drew Miller,DET,44,8
 Nick Schultz,EDM,46,8
 Tomas Kundratek,WAS,25,7
 Simon Despres,PIT,32,7
 Marc-Edouard Vlasic,SAN,47,7
 Colin Fraser,LOS,34,7
 Taylor Beck,NAS,16,7
 Keith Aulie,TAM,44,7
 Justin Braun,SAN,40,7
 Mike Weber,BUF,41,7
 Roman Horak,CGY,19,7
 Victor Bartley,NAS,23,7
 Davis Drewiske,MON,29,7
 Jamie McBain,CAR,39,7
 Chris Butler,CGY,43,7
 Erik Gustafsson,PHI,26,7
 Dave Steckel,ANA,33,7
 Tomas Tatar,DET,18,7
 Jonathon Blum,NAS,34,7
 Ryan Malone,TAM,23,7
 Chris Tanev,VAN,38,7
 Alex Chiasson,DAL,7,7
 Shawn Thornton,BOS,43,7
 Mats Zuccarello,NYR,14,7
 Anton Stralman,NYR,47,7
 Mark Olver,COL,32,6
 Eric Gryba,OTT,32,6
 Roman Polak,STL,47,6
 Ryan Ellis,NAS,32,6
 Ryan O'Byrne,TOR,42,6
 Nick Johnson,PHO,17,6
 Travis Moen,MON,44,6
 Dustin Jeffrey,PIT,24,6
 Mark Fayne,NJD,31,6
 Adam Cracknell,STL,19,6
 Douglas Murray,PIT,42,6
 Ville Leino,BUF,8,6
 John Erskine,WAS,29,6
 Greg Zanon,COL,42,6
 Dalton Prout,COB,27,6
 Jared Boll,COB,42,6
 Ryan Jones,EDM,25,6
 Jordan Nolan,LOS,43,6
 Bryan Allen,ANA,40,6
 John Moore,NYR,29,6
 Adam Larsson,NJD,36,6
 Johnny Boychuk,BOS,42,6
 Ryan Reaves,STL,42,6
 Bobby Sanguinetti,CAR,36,6
 Deryk Engelland,PIT,42,6
 Jordie Benn,DAL,25,6
 Tyler Johnson,TAM,14,6
 Andrew Ebbett,VAN,27,6
 Gustav Nyquist,DET,21,6
 Jim O'Brien,OTT,29,6
 Matt Hunwick,COL,42,6
 Bruno Gervais,PHI,37,6
 Brad Stuart,SAN,47,6
 Dale Weise,VAN,39,6
 Matt D'Agostini,NJD,29,6
 Wade Redden,BOS,27,6
 Toni Lydman,ANA,34,6
 Kurtis Foster,PHI,23,5
 Tim Erixon,COB,30,5
 Radko Gudas,TAM,22,5
 Joe Vitale,PIT,33,5
 Jason Zucker,MIN,19,5
 Brian Lashoff,DET,31,5
 Aaron Rome,DAL,26,5
 Jerred Smithson,EDM,43,5
 Mark Pysyk,BUF,18,5
 Brian Boyle,NYR,38,5
 Paul Gaustad,NAS,23,5
 Drayson Bowman,CAR,37,5
 Anton Volchenkov,NJD,36,5
 Braydon Coburn,PHI,33,5
 Peter Holland,ANA,21,5
 Chris Mueller,NAS,17,5
 David Ullstrom,NYI,20,5
 James Wright,WPG,38,5
 Philip Larsen,DAL,31,5
 Tyler Toffoli,LOS,9,5
 Peter Harrold,NJD,22,5
 Antti Miettinen,WPG,22,5
 Frazer McLaren,TOR,35,5
 Karl Alzner,WAS,47,5
 Kris Russell,STL,32,5
 Tye McGinn,PHI,18,5
 Mikhail Grigorenko,BUF,24,5
 Tim Jackman,CGY,42,5
 Alex Kovalev,FLA,14,5
 Marty Reasoner,NYI,31,5
 Jason Spezza,OTT,5,5
 Zac Rinaldo,PHI,32,5
 Colby Armstrong,MON,37,5
 Alec Martinez,LOS,27,5
 Mike Rupp,MIN,38,4
 Stephen Weiss,FLA,17,4
 Mark Stuart,WPG,42,4
 James Sheppard,SAN,31,4
 Adrian Aucoin,COB,35,4
 Erik Johnson,COL,30,4
 Adam Hall,PHI,37,4
 Zach Redmond,WPG,8,4
 Chad LaRose,CAR,34,4
 Radek Dvorak,ANA,8,4
 Brian Strait,NYI,18,4
 Adam Pardy,BUF,16,4
 Erik Gudbranson,FLA,32,4
 Brooks Laich,WAS,9,4
 Alexander Sulzer,BUF,17,4
 Shane O'Brien,COL,26,4
 J.T. Miller,NYR,26,4
 Paul Bissonnette,PHO,26,4
 Thomas Hickey,NYI,38,4
 Chris Thorburn,WPG,42,4
 Dana Tyrell,TAM,20,4
 Robert Bortuzzo,PIT,15,4
 Adam McQuaid,BOS,30,4
 Mark Fistric,EDM,23,4
 Jake Gardiner,TOR,12,4
 Nicklas Grossmann,PHI,30,4
 Ian White,DET,25,4
 Brad Richardson,LOS,15,4
 Ondrej Palat,TAM,14,4
 Eric Tangradi,WPG,41,4
 Robyn Regehr,LOS,40,4
 Kris Versteeg,FLA,10,4
 Colton Orr,TOR,43,4
 Henrik Tallinder,NJD,24,4
 David Schlemko,PHO,28,4
 Mike Santorelli,WPG,34,4
 Chris Bourque,BOS,18,4
 Scottie Upshall,FLA,26,4
 Tomas Kaberle,MON,10,3
 Brian McGrattan,CGY,20,3
 Jordan Caron,BOS,17,3
 Eric Belanger,EDM,24,3
 Jacob Josefson,NJD,21,3
 Chris Kreider,NYR,22,3
 Andrew Desjardins,SAN,41,3
 Stefan Matteau,NJD,17,3
 Aaron Gagnon,WPG,10,3
 Zac Dalpe,CAR,10,3
 Korbinian Holzer,TOR,22,3
 Patrick Bordeleau,COL,44,3
 Stefan Elliott,COL,16,3
 Jimmy Hayes,CHI,9,3
 Oliver Lauridsen,PHI,14,3
 Jeff Halpern,MON,46,3
 Jeff Schultz,WAS,26,3
 Ladislav Smid,EDM,46,3
 Tim Brent,CAR,29,3
 Tomas Vincour,COL,16,3
 Radek Martinek,NYI,13,3
 Pierre-Cedric Labrie,TAM,18,3
 Ryan Wilson,COL,12,3
 Steve Eminger,NYR,34,3
 Kyle Quincey,DET,35,3
 Dan Carcillo,CHI,22,3
 Mark Cundari,CGY,3,3
 Tyson Strachan,FLA,37,3
 Todd Bertuzzi,DET,7,3
 Gabriel Dumont,MON,10,3
 Kaspars Daugavins,BOS,23,3
 Matt Fraser,DAL,12,3
 Adam Burish,SAN,45,3
 Maxwell Reinhart,CGY,11,3
 David Booth,VAN,12,3
 Peter Regin,OTT,27,3
 Jason Demers,SAN,22,3
 Keaton Ellerby,LOS,43,3
 Justin Falk,MIN,34,3
 Teemu Hartikainen,EDM,23,3
 Jarred Tinordi,MON,7,2
 Matt Bartkowski,BOS,11,2
 Ben Eager,EDM,14,2
 Jim Slater,WPG,26,2
 Keith Ballard,VAN,35,2
 Dave Dziurzynski,OTT,12,2
 Zbynek Michalek,PHO,32,2
 Matt Carkner,NYI,21,2
 Aaron Volpatti,WAS,32,2
 Tom Sestito,VAN,29,2
 Yannick Weber,MON,6,2
 Ryan Hamilton,TOR,10,2
 Chris Conner,PHO,10,2
 Brandon Manning,PHI,5,2
 Colton Gillies,COB,27,2
 Tanner Glass,PIT,47,2
 Pat Maroon,ANA,12,2
 Carl Soderberg,BOS,4,2
 Jean-Gabriel Pageau,OTT,7,2
 Corey Potter,EDM,31,2
 Cory Sarich,CGY,27,2
 Arron Asham,NYR,26,2
 Tom Poti,WAS,16,2
 Bryce Salvador,NJD,39,2
 Kevin Westgarth,CAR,30,2
 Anders Lee,NYI,2,2
 Daniel Bang,NAS,7,2
 Joey Crabb,WAS,26,2
 Matt Tennyson,SAN,4,2
 Mike Brown,EDM,37,2
 Tim Wallace,CAR,27,2
 Nathan Beaulieu,MON,6,2
 Jesse Joensuu,NYI,7,2
 Stephane Da Costa,OTT,9,2
 Sami Vatanen,ANA,8,2
 Anthony Peluso,WPG,5,2
 David van der Gulik,COL,9,2
 Brad Malone,COL,11,2
 Jamal Mayers,CHI,18,2
 Andrej Meszaros,PHI,11,2
 Lane MacDermid,DAL,8,2
 Cam Barker,VAN,13,2
 Zach Boychuk,CAR,13,2
 Jamie Oleksiak,DAL,16,2
 George Parros,FLA,38,2
 Brad Staubitz,ANA,15,2
 Brett Bellemore,CAR,8,2
 Tim Kennedy,SAN,12,2
 Danny DeKeyser,DET,10,1
 Dmitry Orlov,WAS,5,1
 Scott Hannan,SAN,32,1
 Filip Forsberg,NAS,4,1
 Ben Hanowski,CGY,4,1
 Harry Zolnierczyk,ANA,7,1
 Anton Lander,EDM,9,1
 Matt Anderson,NJD,2,1
 Greg Rallo,FLA,10,1
 Austin Watson,NAS,6,1
 Tom Kostopoulos,NJD,15,1
 Kent Huskins,PHI,19,1
 Mikael Samuelsson,DET,4,1
 Brett Connolly,TAM,5,1
 Torey Krug,BOS,1,1
 Carlo Colaiacovo,DET,6,1
 Jeremy Welsh,CAR,5,1
 Kris Newbury,NYR,5,1
 Chris Terry,CAR,3,1
 Paul Byron,CGY,4,1
 Kevin Henderson,NAS,3,1
 Blair Jones,CGY,14,1
 Marco Scandella,MIN,6,1
 Scott Nichol,STL,30,1
 Ed Jovanovski,FLA,6,1
 Matt Greene,LOS,5,1
 Benn Ferriero,NYR,4,1
 Sheldon Brookbank,CHI,24,1
 Ian Cole,STL,15,1
 Roman Hamrlik,NYR,16,1
 Mike Lundin,OTT,11,1
 Ryan White,MON,25,1
 Steve Downie,COL,2,1
 Brendan Mikkelson,TAM,4,1
 Mattias Tedenby,NJD,4,1
 Joe Finley,NYI,16,1
 Jay Rosehill,PHI,10,1
 Andreas Nodl,CAR,8,1
 Derek Meech,WPG,16,1
 Patrick Kaleta,BUF,34,1
 Colton Sceviour,DAL,1,1
 Jamie Langenbrunner,STL,4,1
 Brett Carson,CGY,10,1
 Andrew Alberts,VAN,23,1
 David Rundblad,PHO,8,1
 Colby Robak,FLA,16,1
 Derek Smith,CGY,22,1
 Cody Goloubef,COB,11,1
 Anton Babchuk,CGY,7,1
 Matt Kassian,OTT,14,1
 Tom Wandell,DAL,17,1
 Brandon McMillan,PHO,6,1
 Jeremy Morin,CHI,2,1
 Luke Adam,BUF,4,1
 Brett Clark,MIN,8,1
 Rickard Rakell,ANA,4,0
 Steven Pinizzotto,VAN,11,0
 Dmitrij Jaskin,STL,2,0
 Andrej Sustr,TAM,2,0
 Nick Holden,COB,2,0
 Frank Corrado,VAN,2,0
 J.T. Wyman,TAM,1,0
 Nicklas Jensen,VAN,2,0
 Chad Ruhwedel,BUF,6,0
 Andreas Lilja,PHI,3,0
 Mark Scheifele,WPG,4,0
 Drew LeBlanc,CHI,1,0
 Matt Pelech,SAN,2,0
 Trevor Smith,PIT,1,0
 Andrew Gordon,VAN,6,0
 Mike Blunden,MON,5,0
 Harri Pesonen,NJD,4,0
 Darroll Powe,NYR,41,0
 Michael Caruso,FLA,2,0
 Ryan Murphy,CAR,4,0
 Nicolas Blanchard,CAR,8,0
 Jake Dowell,MIN,1,0
 Brett Sutter,CAR,3,0
 John Scott,BUF,33,0
 Sean Collins,COB,5,0
 Mike Angelidis,TAM,1,0
 Jordan Hendry,ANA,2,0
 Chris Brown,PHO,5,0
 Tim Sestito,NJD,6,0
 Derek Joslin,VAN,1,0
 Darren Helm,DET,1,0
 Matt Konan,PHI,1,0
 Marc-Andre Gragnani,CAR,1,0
 Greg Pateryn,MON,3,0
 Brian Lee,TAM,22,0
 Nick Petrecki,SAN,1,0
 Jan Mursak,DET,2,0
 Mark Eaton,PIT,22,0
 Nick Drazenovic,COB,8,0
 Manny Malhotra,VAN,9,0
 Jonathan Audy-Marchessault,COB,2,0
 Scott Laughton,PHI,5,0
 Cameron Schilling,WAS,1,0
 Eric Boulton,NYI,14,0
 Chris Summers,PHO,6,0
 Theo Peckham,EDM,4,0
 Ben Street,CGY,5,0
 Zenon Konopka,MIN,35,0
 Devante Smith-Pelly,ANA,6,0
 Ryan Spooner,BOS,4,0
 Christian Thomas,NYR,1,0
 Alex Petrovic,FLA,5,0
 Bill Sweatt,VAN,1,0
 Mike Komisarek,TOR,4,0
 Patrice Cormier,WPG,10,0
 Johan Larsson,BUF,1,0
 Mark Stone,OTT,4,0
 Joonas Rask,NAS,1,0
 Bracken Kearns,SAN,1,0
 Scott Timmins,FLA,5,0
 Alexander Urbom,NJD,1,0
 Cody McCormick,BUF,8,0
 Matt Ellis,BUF,6,0
 Quinton Howden,FLA,17,0
 Michal Jordan,CAR,5,0
 Chris VandeVelde,EDM,11,0
 Jared Staal,CAR,1,0
 Eric Gelinas,NJD,1,0
 Eric Selleck,FLA,1,0
 Mark Barberio,TAM,2,0
 Brandon Bollig,CHI,23,0
 Aaron Johnson,BOS,10,0
 Eric Wellwood,PHI,4,0
 Mike Hoffman,OTT,3,0
 Riley Sheahan,DET,1,0
 Nate Prosser,MIN,17,0
 Nick Bjugstad,FLA,10,0
 Brandon Segal,NYR,1,0
 Michael Sgarbossa,COL,6,0
 Akim Aliu,CGY,4,0
 David Savard,COB,4,0
 Jay Pandolfo,BOS,18,0
 Andy Miele,PHO,1,0
 Micheal Haley,NYR,9,0
 Mark Arcobello,EDM,1,0
 Alexandre Bolduc,PHO,13,0
 Stu Bickel,NYR,16,0
 Andrew Murray,STL,1,0
 Joe Colborne,TOR,4,0
 Krys Barch,NJD,22,0
 Francis Wathier,DAL,1,0
 Mattias Ekholm,NAS,1,0
 Darcy Hordichuk,EDM,4,0
 Dylan Reese,PIT,3,0
 Nolan Yonkman,FLA,7,0
 Steve MacIntyre,PIT,1,0
 Jamie Tardif,BOS,2,0
 Matt Taormina,TAM,2,0
 Jonathan Rheault,FLA,5,0
 Carter Bancks,CGY,1,0
 Jared Cowen,OTT,5,0
 Jody Shelley,PHI,1,0
 Matt Gilroy,NYR,15,0
 Hal Gill,NAS,31,0
 Cam Janssen,NJD,4,0
 Mark Borowiecki,OTT,6,0
 Derek Grant,OTT,5,0
 Brandon Mashinter,NYR,4,0
 Toby Petersen,DAL,1,0
